Date,Open,High,Low,Close,Volume,Dividends,Stock Splits
2015-11-16,17.4346,17.9608,17.2504,17.9608,1644700,0.0,0
2015-11-17,17.9345,18.4607,17.7328,17.8029,1693100,0.0,0
2015-11-18,18.0222,18.373,17.6977,18.3291,1970800,0.0,0
2015-11-19,18.2853,18.4957,18.1274,18.4607,1405300,0.0,0
2015-11-20,18.6273,18.7501,18.4607,18.5922,1526500,0.0,0
2015-11-23,18.6361,19.0219,18.3993,18.7764,3008000,0.0,0
2015-11-24,18.487,19.0307,18.373,18.6887,1816500,0.0,0
2015-11-25,18.8728,19.1886,18.6711,19.1623,1687000,0.0,0
2015-11-27,19.1009,19.2061,18.408,18.9956,950100,0.0,0
2015-11-30,18.9869,19.171,18.8027,19.0746,2059400,0.0,0
2015-12-01,19.3201,19.5832,18.8641,19.2412,3094200,0.0,0
2015-12-02,19.2938,19.4166,18.7939,18.829,3060300,0.0,0
2015-12-03,18.18,18.1976,16.5313,16.7505,5629300,0.0,0
2015-12-04,16.6628,17.3293,16.426,17.1715,3273900,0.0,0
2015-12-07,17.1715,17.1803,16.5839,16.7593,2197800,0.0,0
2015-12-08,16.4962,16.7593,16.1279,16.7155,2599600,0.0,0
2015-12-09,16.6365,16.7593,15.9788,16.0314,2329100,0.0,0
2015-12-10,16.0753,16.4699,15.8648,16.2156,1722400,0.0,0
2015-12-11,15.6806,15.742,15.2158,15.4526,2439100,0.0,0
2015-12-14,15.5403,15.7069,14.8036,15.2246,1812400,0.0,0
2015-12-15,15.286,15.5227,14.7948,14.9439,5545000,0.0,0
2015-12-16,15.4175,15.6894,14.5142,15.1895,4796900,0.0,0
2015-12-17,15.3473,15.4087,14.2336,14.2336,3758900,0.0,0
2015-12-18,14.1459,14.2073,13.418,13.8214,6705100,0.0,0
2015-12-21,13.6548,14.1634,13.1812,14.1634,2742000,0.0,0
2015-12-22,14.2511,14.3564,13.5671,13.9003,1879700,0.0,0
2015-12-23,14.0319,14.6107,13.7512,14.5581,2397200,0.0,0
2015-12-24,14.5668,14.6107,14.1108,14.1809,685300,0.0,0
2015-12-28,14.0845,14.2248,13.874,14.2073,1175700,0.0,0
2015-12-29,14.3563,14.4967,13.9705,14.2862,1688000,0.0,0
2015-12-30,14.2248,14.4265,14.0056,14.0933,1188800,0.0,0
2015-12-31,14.0319,14.1371,13.7512,13.7512,1709700,0.0,0
2016-01-04,13.3741,13.4618,12.8392,13.4267,3455300,0.0,0
2016-01-05,13.4969,13.7074,13.0233,13.339,4276100,0.0,0
2016-01-06,13.1022,13.1724,12.5673,12.6725,4460800,0.0,0
2016-01-07,12.2428,12.3656,11.9885,12.1639,5782300,0.0,0
2016-01-08,12.4182,12.541,11.6289,11.664,3321000,0.0,0
2016-01-11,11.2956,11.6114,10.4976,10.7431,7288300,0.0,0
2016-01-12,10.9712,11.0326,10.2696,10.7344,4637600,0.0,0
2016-01-13,10.8221,10.8835,9.7434,10.1205,5636200,0.0,0
2016-01-14,10.1029,10.5677,9.7083,10.4713,4992400,0.0,0
2016-01-15,9.8925,10.0766,9.489,9.9889,6711100,0.0,0
2016-01-19,10.3397,10.3397,9.6469,9.8223,3585900,0.0,0
2016-01-20,9.5417,9.8223,9.0505,9.6294,6295400,0.0,0
2016-01-21,9.682,10.6379,9.5329,10.0591,4868100,0.0,0
2016-01-22,10.4362,11.3307,10.4362,11.0238,5374800,0.0,0
2016-01-25,10.8659,10.9536,10.1117,10.3134,4644000,0.0,0
2016-01-26,10.3397,10.4976,9.9802,10.1556,3048400,0.0,0
2016-01-27,10.1292,10.3923,9.796,9.9275,2103600,0.0,0
2016-01-28,10.1205,10.2696,9.7609,9.9188,1969300,0.0,0
2016-01-29,10.1731,10.7607,10.1643,10.5239,3831500,0.0,0
2016-02-01,10.3573,10.6993,10.2257,10.5677,3084700,0.0,0
2016-02-02,10.2696,10.2959,9.7785,9.9012,2974300,0.0,0
2016-02-03,10.1292,10.252,9.1382,9.796,3975800,0.0,0
2016-02-04,9.7697,10.2783,9.6557,10.2433,4614700,0.0,0
2016-02-05,9.682,10.2257,9.4627,9.5154,4834100,0.0,0
2016-02-08,9.1996,9.2435,8.5507,8.9278,7260600,0.0,0
2016-02-09,8.7787,9.3049,8.7173,9.147,4949200,0.0,0
2016-02-10,8.9015,9.7872,8.9015,9.0856,4084600,0.0,0
2016-02-11,8.7611,9.0681,8.6121,8.8927,3239500,0.0,0
2016-02-12,9.1402,9.3347,8.9015,9.2286,2186600,0.08,0
2016-02-16,9.4584,9.9181,9.3258,9.8651,2561600,0.0,0
2016-02-17,9.759,10.7579,9.759,10.4927,3705600,0.0,0
2016-02-18,10.6164,10.7313,10.2628,10.528,2876500,0.0,0
2016-02-19,10.254,10.3866,9.7943,9.9976,3164800,0.0,0
2016-02-22,10.1921,10.3512,10.1214,10.3424,2334800,0.0,0
2016-02-23,10.2363,10.8109,10.0684,10.2275,3349800,0.0,0
2016-02-24,9.98,10.5369,9.5291,10.1833,2662100,0.0,0
2016-02-25,10.201,10.5369,9.8916,10.2628,1234000,0.0,0
2016-02-26,10.3866,10.6695,10.2982,10.528,2261900,0.0,0
2016-02-29,10.5015,10.6783,10.4043,10.475,2152400,0.0,0
2016-03-01,10.5015,10.97,10.475,10.9347,2698600,0.0,0
2016-03-02,10.9347,11.1822,10.6606,11.1556,2927100,0.0,0
2016-03-03,11.1556,11.6949,10.9347,11.686,3506900,0.0,0
2016-03-04,11.7921,12.128,11.6153,11.8363,4680000,0.0,0
2016-03-07,11.7744,11.9247,11.3148,11.8893,3103300,0.0,0
2016-03-08,11.7302,11.9866,11.3324,11.3766,2528700,0.0,0
2016-03-09,11.4474,11.5976,11.0672,11.3766,2198200,0.0,0
2016-03-10,11.5534,11.6153,10.6341,10.8639,2947600,0.0,0
2016-03-11,11.138,11.4032,10.917,11.3501,1787700,0.0,0
2016-03-14,11.3324,11.4739,10.97,11.4032,1975100,0.0,0
2016-03-15,11.2529,11.2529,10.4485,10.5899,3369600,0.0,0
2016-03-16,10.5722,10.9258,10.3954,10.8639,2753100,0.0,0
2016-03-17,10.7932,10.8816,10.4838,10.7579,2811000,0.0,0
2016-03-18,10.8109,11.1822,10.7402,10.97,2771300,0.0,0
2016-03-21,10.9612,11.1203,10.8816,11.0761,1486600,0.0,0
2016-03-22,10.9258,11.0407,10.5369,10.6695,2309800,0.0,0
2016-03-23,10.5634,10.6341,10.1479,10.1833,2287600,0.0,0
2016-03-24,10.0507,10.2275,9.8297,10.1921,2067700,0.0,0
2016-03-28,10.2098,10.2628,9.7767,10.0065,1683300,0.0,0
2016-03-29,9.9535,10.5987,9.6175,10.4927,2524100,0.0,0
2016-03-30,10.4485,10.6076,9.9623,10.1656,3635200,0.0,0
2016-03-31,10.1656,10.254,9.98,10.1037,1948200,0.0,0
2016-04-01,10.033,10.1921,9.759,9.8739,3615700,0.0,0
2016-04-04,9.7943,9.8916,9.6529,9.6883,3491300,0.0,0
2016-04-05,9.5026,9.5115,8.9192,9.1932,4675400,0.0,0
2016-04-06,9.1667,9.5733,9.1667,9.5645,3680700,0.0,0
2016-04-07,9.3435,9.4408,8.9457,9.0518,2620300,0.0,0
2016-04-08,9.1844,9.3524,8.9015,9.0518,2219100,0.0,0
2016-04-11,9.1756,9.4142,9.0783,9.1402,1484200,0.0,0
2016-04-12,9.1137,9.6087,9.043,9.5645,2657200,0.0,0
2016-04-13,9.6883,10.6871,9.6352,10.6429,5280100,0.0,0
2016-04-14,10.6164,11.0407,10.5722,10.9523,3571600,0.0,0
2016-04-15,10.8816,10.917,10.3954,10.4485,2350700,0.0,0
2016-04-18,10.2894,10.5192,10.1656,10.422,1609300,0.0,0
2016-04-19,10.5192,10.6253,10.3601,10.528,2087400,0.0,0
2016-04-20,10.6164,10.9523,10.5015,10.8728,2200300,0.0,0
2016-04-21,10.917,11.0319,10.7932,10.8551,1750200,0.0,0
2016-04-22,10.8109,11.3855,10.8109,11.3059,2295100,0.0,0
2016-04-25,11.1645,11.2175,10.8816,11.1114,2205000,0.0,0
2016-04-26,11.1468,11.3766,11.0142,11.359,1801100,0.0,0
2016-04-27,11.3059,11.6065,11.0849,11.4827,2563900,0.0,0
2016-04-28,11.1114,11.1733,10.4485,10.4573,4240800,0.0,0
2016-04-29,10.8551,10.8551,9.5203,9.6264,4749400,0.0,0
2016-05-02,9.6794,9.7943,9.043,9.6529,4419800,0.0,0
2016-05-03,9.5115,9.5999,9.1314,9.3612,2851700,0.0,0
2016-05-04,9.1048,9.3258,8.9369,9.0606,4285700,0.0,0
2016-05-05,9.1402,9.3612,8.9457,9.3082,2260900,0.0,0
2016-05-06,9.1932,9.3435,9.0253,9.2728,2139200,0.0,0
2016-05-09,9.5489,9.6291,9.2639,9.3797,2359900,0.08,0
2016-05-10,9.5757,9.8963,9.5133,9.8251,2610200,0.0,0
2016-05-11,9.7716,9.834,9.5133,9.5222,2400700,0.0,0
2016-05-12,9.5489,9.7983,9.1125,9.3084,2171000,0.0,0
2016-05-13,9.3084,9.5222,9.1392,9.255,2251000,0.0,0
2016-05-16,9.3084,9.6202,9.2461,9.4242,2644200,0.0,0
2016-05-17,9.4242,9.7182,9.3262,9.3797,2146800,0.0,0
2016-05-18,9.3262,9.8607,9.3262,9.8429,2275100,0.0,0
2016-05-19,9.6647,9.9587,9.3619,9.5222,2086400,0.0,0
2016-05-20,9.5935,9.8251,9.5311,9.6825,2372500,0.0,0
2016-05-23,9.6915,9.9052,9.6736,9.7983,2139100,0.0,0
2016-05-24,9.7983,10.1457,9.7271,10.1368,3074300,0.0,0
2016-05-25,10.2704,10.6,10.1101,10.5911,3881800,0.0,0
2016-05-26,10.6624,10.6802,10.4486,10.6089,1866900,0.0,0
2016-05-27,10.6178,11.0098,10.5644,11.0009,2081200,0.0,0
2016-05-31,11.1078,11.3304,10.9385,11.0454,2589200,0.0,0
2016-06-01,10.6089,10.6891,10.2437,10.5377,2930400,0.0,0
2016-06-02,10.4575,10.6,10.3684,10.5911,1536100,0.0,0
2016-06-03,10.3061,10.4219,9.7716,10.0032,2569500,0.0,0
2016-06-06,10.0121,10.3595,9.9854,10.2081,1920500,0.0,0
2016-06-07,10.2348,10.3328,9.932,10.1457,1922700,0.0,0
2016-06-08,10.1814,10.3328,10.0745,10.1279,1525200,0.0,0
2016-06-09,9.9765,10.1279,9.5757,9.7093,1968600,0.0,0
2016-06-10,9.4777,9.6469,9.2194,9.2817,2328300,0.0,0
2016-06-13,9.1748,9.3975,9.0412,9.2639,3187900,0.0,0
2016-06-14,9.1659,9.3619,8.9165,9.0234,3463300,0.0,0
2016-06-15,9.0857,9.3975,9.0234,9.1748,2481700,0.0,0
2016-06-16,9.0857,9.4153,8.8363,9.3797,2584800,0.0,0
2016-06-17,9.4153,9.8607,9.3708,9.5489,4072400,0.0,0
2016-06-20,9.6024,9.932,9.3173,9.3886,2920200,0.0,0
2016-06-21,9.4153,9.4955,9.1837,9.2639,1963100,0.0,0
2016-06-22,9.3173,9.3886,9.1748,9.2194,1886600,0.0,0
2016-06-23,9.3886,9.6915,9.353,9.6736,2036400,0.0,0
2016-06-24,8.9076,9.0412,8.8363,8.8541,7518200,0.0,0
2016-06-27,8.4266,8.5513,7.7496,7.8832,6157100,0.0,0
2016-06-28,7.9723,8.4177,7.7852,8.0792,4272300,0.0,0
2016-06-29,8.1593,8.4533,8.0257,8.3909,2242300,0.0,0
2016-06-30,8.3909,8.7205,8.2306,8.7205,2870300,0.0,0
2016-07-01,8.676,8.9076,8.5869,8.6938,3028800,0.0,0
2016-07-05,8.5602,8.7027,8.2662,8.4266,1712200,0.0,0
2016-07-06,8.3553,8.4088,8.0435,8.3197,2538000,0.0,0
2016-07-07,8.3019,8.5424,8.2484,8.3642,2140900,0.0,0
2016-07-08,8.578,8.8274,8.5157,8.6671,2445200,0.0,0
2016-07-11,8.7651,9.3173,8.7205,9.1837,3476700,0.0,0
2016-07-12,9.3441,9.8518,9.2817,9.6469,4601500,0.0,0
2016-07-13,9.6558,9.7271,9.4688,9.7093,2178200,0.0,0
2016-07-14,9.9052,10.217,9.8162,10.021,3509800,0.0,0
2016-07-15,10.0923,10.2526,9.8696,10.2259,2030600,0.0,0
2016-07-18,10.2794,10.413,10.1279,10.4041,1492800,0.0,0
2016-07-19,10.3328,10.3952,10.119,10.1725,1827000,0.0,0
2016-07-20,10.2348,10.6713,10.0834,10.6535,2567400,0.0,0
2016-07-21,10.6267,10.7515,10.1992,10.2615,2253800,0.0,0
2016-07-22,10.3328,10.5555,10.217,10.5466,1729800,0.0,0
2016-07-25,10.4931,10.7425,10.413,10.5644,2080600,0.0,0
2016-07-26,10.413,10.502,9.9943,10.0656,4895300,0.0,0
2016-07-27,10.2972,10.413,9.8785,9.9854,4257000,0.0,0
2016-07-28,9.9498,9.9676,9.6113,9.9141,3629900,0.0,0
2016-07-29,9.6113,9.6915,8.8096,8.8541,5410100,0.0,0
2016-08-01,8.872,9.2372,8.6938,8.9967,3954500,0.0,0
2016-08-02,8.9165,9.0412,8.5513,8.7116,2835500,0.0,0
2016-08-03,8.774,8.8096,8.5602,8.676,2774800,0.0,0
2016-08-04,8.8541,9.1481,8.676,8.9788,3119700,0.0,0
2016-08-05,9.1481,9.5222,9.1481,9.2906,2758700,0.0,0
2016-08-08,9.5779,9.6317,9.2906,9.4073,1712600,0.08,0
2016-08-09,9.4342,9.542,9.2637,9.2906,1391500,0.0,0
2016-08-10,9.3175,9.4791,9.2098,9.2637,1042500,0.0,0
2016-08-11,9.3894,9.515,9.2637,9.3624,1266200,0.0,0
2016-08-12,9.3445,9.4163,9.2457,9.3534,986800,0.0,0
2016-08-15,9.3624,9.5958,9.3624,9.4971,1496600,0.0,0
2016-08-16,9.4971,9.5779,9.1829,9.2547,1457500,0.0,0
2016-08-17,9.2547,9.3445,9.0303,9.2188,1513500,0.0,0
2016-08-18,9.2008,9.4342,9.0842,9.138,2382100,0.0,0
2016-08-19,9.0303,9.2188,8.9854,9.0752,1616900,0.0,0
2016-08-22,9.1021,9.2996,8.8149,9.1829,2711700,0.0,0
2016-08-23,9.2547,9.3894,9.1649,9.1739,1659100,0.0,0
2016-08-24,9.2188,9.2727,8.9046,8.9316,2378000,0.0,0
2016-08-25,8.8777,9.0034,8.752,8.8508,1588300,0.0,0
2016-08-26,8.8867,9.0393,8.761,8.8956,1800600,0.0,0
2016-08-29,9.0572,9.1201,8.8687,9.0572,1597400,0.0,0
2016-08-30,9.0752,9.2368,8.9495,9.2278,2197400,0.0,0
2016-08-31,9.3175,9.524,9.2368,9.4253,3135400,0.0,0
2016-09-01,9.5509,9.6407,9.1201,9.2188,2224800,0.0,0
2016-09-02,9.2906,9.4073,9.138,9.3086,1231300,0.0,0
2016-09-06,9.3983,9.4253,9.0303,9.0393,1765600,0.0,0
2016-09-07,9.129,9.2906,9.0303,9.1201,1022000,0.0,0
2016-09-08,9.1111,9.2996,9.0123,9.2278,1314600,0.0,0
2016-09-09,9.147,9.2188,8.9764,9.0572,2496800,0.0,0
2016-09-12,8.9495,9.4522,8.9136,9.4073,1896600,0.0,0
2016-09-13,9.2816,9.4612,9.0752,9.1829,1097200,0.0,0
2016-09-14,9.2278,9.2727,8.9854,9.156,1303100,0.0,0
2016-09-15,9.1829,9.7035,9.1829,9.6497,2641200,0.0,0
2016-09-16,9.524,9.7664,9.3714,9.7035,3501400,0.0,0
2016-09-19,9.8292,10.0087,9.6676,9.8202,2225100,0.0,0
2016-09-20,9.919,9.919,9.6676,9.6856,1548600,0.0,0
2016-09-21,9.6497,9.7394,9.2008,9.3086,2514000,0.0,0
2016-09-22,9.4163,9.515,9.1739,9.2008,1798600,0.0,0
2016-09-23,9.1739,9.4163,8.9405,9.138,2902400,0.0,0
2016-09-26,8.9764,9.0572,8.6084,8.7071,3789000,0.0,0
2016-09-27,8.6712,8.8687,8.5815,8.7071,2052800,0.0,0
2016-09-28,8.761,9.129,8.5545,9.0572,3043000,0.0,0
2016-09-29,9.0662,9.1919,8.7969,8.8508,1860700,0.0,0
2016-09-30,8.9226,9.3445,8.8867,9.2368,2553600,0.0,0
2016-10-03,9.2457,9.4342,9.0662,9.1649,1612000,0.0,0
2016-10-04,9.138,9.3534,9.0752,9.129,1148100,0.0,0
2016-10-05,9.1919,9.3265,8.9854,9.2457,1815800,0.0,0
2016-10-06,9.3534,9.3534,9.0393,9.2727,1491000,0.0,0
2016-10-07,9.2547,9.2547,8.9316,9.1829,2385000,0.0,0
2016-10-10,9.2816,9.3624,9.129,9.1919,1133200,0.0,0
2016-10-11,9.147,9.2278,8.8687,8.9405,1775100,0.0,0
2016-10-12,8.8867,9.0123,8.8508,8.9226,825700,0.0,0
2016-10-13,8.8059,8.8238,8.5186,8.6892,2569500,0.0,0
2016-10-14,8.752,8.752,8.4468,8.5186,1778000,0.0,0
2016-10-17,8.4917,8.5545,8.4109,8.5276,1243500,0.0,0
2016-10-18,8.5994,8.6084,8.393,8.4917,3342300,0.0,0
2016-10-19,8.5276,8.761,8.4558,8.7071,1387100,0.0,0
2016-10-20,8.6802,8.743,8.4827,8.5815,1189700,0.0,0
2016-10-21,8.4917,8.6712,8.4468,8.6174,971800,0.0,0
2016-10-24,8.7071,9.0123,8.6623,8.9944,1721500,0.0,0
2016-10-25,8.9585,9.0842,8.6533,8.8149,2344400,0.0,0
2016-10-26,8.6623,8.8777,8.6443,8.8238,1349400,0.0,0
2016-10-27,8.8687,8.9046,8.7071,8.77,1638600,0.0,0
2016-10-28,8.6802,8.743,8.016,8.1147,4264000,0.0,0
2016-10-31,8.1147,8.2045,7.6928,7.7018,3643900,0.0,0
2016-11-01,7.7287,7.8723,7.5851,7.7736,3006700,0.0,0
2016-11-02,7.5582,7.63,7.3966,7.4684,2590000,0.0,0
2016-11-03,7.4594,7.5492,7.3786,7.4415,1367800,0.0,0
2016-11-04,7.3966,7.5851,7.3158,7.5223,2738100,0.0,0
2016-11-07,7.7941,7.912,7.5857,7.6129,2663500,0.08,0
2016-11-08,7.6219,7.7488,7.2504,7.5857,2491200,0.0,0
2016-11-09,7.2504,8.2745,7.2504,8.211,4906300,0.0,0
2016-11-10,8.3923,8.7276,8.2926,8.5192,3767900,0.0,0
2016-11-11,8.4286,8.5826,8.1385,8.2564,2749100,0.0,0
2016-11-14,8.2473,8.6733,8.2473,8.5101,2275700,0.0,0
2016-11-15,8.5101,8.6551,8.356,8.6279,1437600,0.0,0
2016-11-16,8.4557,8.6098,8.3923,8.5282,1062300,0.0,0
2016-11-17,8.5192,8.6551,8.4195,8.6189,1924000,0.0,0
2016-11-18,8.6189,8.9723,8.6189,8.918,2090700,0.0,0
2016-11-21,9.1083,9.2895,9.0176,9.2533,1999300,0.0,0
2016-11-22,9.2714,9.6249,9.2623,9.5795,2677800,0.0,0
2016-11-23,9.6158,10.2321,9.4527,10.1777,3620300,0.0,0
2016-11-25,10.1777,10.2865,9.9421,9.9874,1516900,0.0,0
2016-11-28,9.9149,10.1324,9.7517,9.788,2940600,0.0,0
2016-11-29,9.788,10.0236,9.6792,9.8152,2131400,0.0,0
2016-11-30,9.9693,10.1414,9.8605,10.0236,1792600,0.0,0
2016-12-01,10.0599,10.5312,10.0236,10.3408,3701300,0.0,0
2016-12-02,10.359,10.4858,9.9874,10.1414,2066400,0.0,0
2016-12-05,10.2774,10.4224,10.0689,10.1596,2185900,0.0,0
2016-12-06,10.1324,10.6037,10.0327,10.6037,2841400,0.0,0
2016-12-07,10.649,11.2924,10.5493,11.2471,3429100,0.0,0
2016-12-08,11.2471,11.7547,11.1384,11.7275,3635600,0.0,0
2016-12-09,11.8725,12.0719,11.5825,11.6187,3659300,0.0,0
2016-12-12,11.7365,11.7365,11.1293,11.2018,4045500,0.0,0
2016-12-13,11.3287,11.3831,11.0749,11.2471,2297400,0.0,0
2016-12-14,11.2199,11.3378,11.0568,11.2834,3395900,0.0,0
2016-12-15,11.3468,11.7184,11.1928,11.2653,2969100,0.0,0
2016-12-16,11.1928,11.3015,10.8212,10.8755,5692400,0.0,0
2016-12-19,10.9481,11.1656,10.7759,11.0024,1894600,0.0,0
2016-12-20,11.0024,11.0659,10.7577,11.0568,1942600,0.0,0
2016-12-21,11.0387,11.1474,10.8665,10.9118,1828800,0.0,0
2016-12-22,10.8755,10.8755,10.368,10.4315,2187200,0.0,0
2016-12-23,10.4496,10.4858,10.1686,10.3952,2453500,0.0,0
2016-12-27,10.3771,10.7577,10.3771,10.6037,2110200,0.0,0
2016-12-28,10.7487,10.8484,10.3861,10.4043,1205300,0.0,0
2016-12-29,10.3046,10.4677,10.1596,10.223,1260000,0.0,0
2016-12-30,10.2049,10.2593,10.0327,10.0961,1919800,0.0,0
2017-01-03,10.3227,10.7849,10.2049,10.7759,2534700,0.0,0
2017-01-04,10.7034,11.1746,10.6671,11.0931,2326300,0.0,0
2017-01-05,11.0568,11.1021,10.6943,10.7215,2818400,0.0,0
2017-01-06,10.794,10.803,10.4949,10.504,1385400,0.0,0
2017-01-09,10.4315,10.4949,10.1052,10.1143,1478700,0.0,0
2017-01-10,10.214,10.4587,10.1324,10.214,1698200,0.0,0
2017-01-11,10.2774,10.4496,10.0961,10.3227,1552500,0.0,0
2017-01-12,10.2411,10.3046,9.9421,10.214,1629600,0.0,0
2017-01-13,10.2774,10.5765,10.2774,10.3136,1538800,0.0,0
2017-01-17,10.368,10.3952,9.7608,9.788,1783600,0.0,0
2017-01-18,9.8061,9.8605,9.5886,9.8242,1421200,0.0,0
2017-01-19,9.8605,10.0055,9.6339,9.7246,1685000,0.0,0
2017-01-20,9.7608,9.8152,9.5977,9.643,1530700,0.0,0
2017-01-23,9.5705,9.6702,9.2533,9.3167,2538700,0.0,0
2017-01-24,9.4073,9.6883,9.3167,9.5886,1815000,0.0,0
2017-01-25,9.7608,9.8514,9.6067,9.8152,2780500,0.0,0
2017-01-26,9.8152,9.8877,9.4255,9.4708,1458800,0.0,0
2017-01-27,9.4527,9.5161,9.2623,9.2805,1464200,0.0,0
2017-01-30,9.1626,9.4889,9.0176,9.4164,2163800,0.0,0
2017-01-31,9.3348,9.3802,9.1264,9.3348,2067400,0.0,0
2017-02-01,9.4255,9.5705,9.1083,9.2714,2235000,0.0,0
2017-02-02,9.1445,9.353,9.0448,9.2533,3350900,0.0,0
2017-02-03,9.1083,9.1536,8.0842,8.1113,9153500,0.0,0
2017-02-06,8.2564,8.3107,7.776,7.8576,7060600,0.0,0
2017-02-07,7.8576,8.1657,7.6582,8.1567,7971900,0.0,0
2017-02-08,8.0388,8.1023,7.7307,7.8938,4082600,0.0,0
2017-02-09,7.9301,8.0388,7.8213,7.8485,3821300,0.0,0
2017-02-10,7.921,8.0207,7.8213,7.9301,2217900,0.0,0
2017-02-13,8.0124,8.0947,7.8661,7.8935,2035100,0.08,0
2017-02-14,7.8935,8.049,7.8478,8.0124,2282400,0.0,0
2017-02-15,8.1405,8.2502,8.0673,8.1588,2450500,0.0,0
2017-02-16,8.1222,8.1862,8.0216,8.049,1422900,0.0,0
2017-02-17,8.0581,8.2959,7.9392,8.2777,2428800,0.0,0
2017-02-21,8.4514,8.4514,8.2594,8.3874,2928000,0.0,0
2017-02-22,8.3691,8.4331,8.3234,8.3966,3393400,0.0,0
2017-02-23,8.3234,8.4149,8.2045,8.3966,2060900,0.0,0
2017-02-24,8.2319,8.36,8.1862,8.2777,1721000,0.0,0
2017-02-27,8.2777,8.5246,8.2594,8.5246,2604000,0.0,0
2017-02-28,8.4149,8.5063,8.2136,8.3325,2272600,0.0,0
2017-03-01,8.5429,8.8813,8.5155,8.6801,3046700,0.0,0
2017-03-02,8.6252,8.7533,8.5246,8.7167,3186100,0.0,0
2017-03-03,8.7258,8.735,8.3966,8.4332,2314900,0.0,0
2017-03-06,8.3234,8.3874,8.2136,8.3783,1393200,0.0,0
2017-03-07,8.3417,8.4697,8.3051,8.4423,2066800,0.0,0
2017-03-08,8.4606,8.6069,8.4606,8.5429,1983100,0.0,0
2017-03-09,8.5246,8.5429,8.2594,8.4057,1825200,0.0,0
2017-03-10,8.4606,8.5703,8.2045,8.2136,2297800,0.0,0
2017-03-13,8.2228,8.3508,8.2136,8.2502,1456100,0.0,0
2017-03-14,8.1496,8.3325,8.1222,8.3142,1432000,0.0,0
2017-03-15,8.36,8.5155,8.2777,8.3783,2506400,0.0,0
2017-03-16,8.3783,8.7075,8.3508,8.5703,2739100,0.0,0
2017-03-17,8.5246,8.6435,8.2502,8.2685,2430700,0.0,0
2017-03-20,8.2228,8.2685,8.0673,8.1953,1262600,0.0,0
2017-03-21,8.2594,8.2594,7.8386,7.9118,1999500,0.0,0
2017-03-22,7.9209,7.9941,7.7563,7.9118,1340500,0.0,0
2017-03-23,7.8844,8.0216,7.802,7.8295,1051600,0.0,0
2017-03-24,7.8661,7.9667,7.7472,7.8569,1051000,0.0,0
2017-03-27,7.6831,7.8752,7.5917,7.8295,1830800,0.0,0
2017-03-28,7.8295,8.113,7.7746,8.0307,19338000,0.0,0
2017-03-29,8.0673,8.1862,7.985,8.0124,1748800,0.0,0
2017-03-30,8.0764,8.2228,7.9941,8.1588,1810900,0.0,0
2017-03-31,8.1222,8.3691,8.113,8.3051,1918400,0.0,0
2017-04-03,8.3325,8.36,8.0673,8.1588,2048800,0.0,0
2017-04-04,8.113,8.3325,8.049,8.2319,1930300,0.0,0
2017-04-05,8.3417,8.3417,7.9941,8.049,1998200,0.0,0
2017-04-06,8.1862,8.2411,8.049,8.2136,1734100,0.0,0
2017-04-07,8.1588,8.3966,8.1588,8.2777,3530500,0.0,0
2017-04-10,8.3325,8.4057,8.2136,8.3234,4075300,0.0,0
2017-04-11,8.3142,8.3142,7.7197,7.8386,5585600,0.0,0
2017-04-12,7.8661,8.0856,7.7563,7.9575,4750200,0.0,0
2017-04-13,7.985,7.985,7.5093,7.5185,6971300,0.0,0
2017-04-17,7.5459,7.6283,7.4087,7.5917,4353200,0.0,0
2017-04-18,7.5093,7.7289,7.4728,7.6648,2474000,0.0,0
2017-04-19,7.7746,7.8569,7.6831,7.7197,2311300,0.0,0
2017-04-20,7.7929,7.9118,7.7289,7.9026,2520700,0.0,0
2017-04-21,7.8844,7.9392,7.802,7.8203,2026700,0.0,0
2017-04-24,7.9575,8.1496,7.8661,8.113,3815200,0.0,0
2017-04-25,8.2136,8.2777,7.9484,7.9484,2560000,0.0,0
2017-04-26,7.9575,8.0947,7.8569,7.8569,3044900,0.0,0
2017-04-27,7.9026,7.9484,7.6374,7.6557,3351700,0.0,0
2017-04-28,7.6465,7.9026,7.6283,7.6374,4693600,0.0,0
2017-05-01,7.5551,7.6465,7.427,7.4362,3384200,0.0,0
2017-05-02,7.427,7.5002,7.1984,7.4362,3214100,0.0,0
2017-05-03,7.4453,7.61,7.4453,7.5825,2932800,0.0,0
2017-05-04,7.6374,7.9118,7.5917,7.802,2621600,0.0,0
2017-05-05,7.8386,7.9209,7.6648,7.7654,3058100,0.0,0
2017-05-08,7.7931,7.9501,7.7931,7.9501,1611100,0.08,0
2017-05-09,7.9594,8.1625,7.9409,8.0332,2059900,0.0,0
2017-05-10,7.9871,8.3472,7.9871,8.3379,2071000,0.0,0
2017-05-11,8.2548,8.3379,8.144,8.2548,2212000,0.0,0
2017-05-12,8.2087,8.3933,8.1163,8.3287,2107600,0.0,0
2017-05-15,8.6796,8.8735,8.6426,8.7719,4565200,0.0,0
2017-05-16,8.8181,8.9566,8.7719,8.9381,2598800,0.0,0
2017-05-17,8.8088,8.975,8.6242,8.7811,3543300,0.0,0
2017-05-18,8.7442,8.8827,8.6611,8.8458,3015400,0.0,0
2017-05-19,8.8458,9.012,8.8458,8.9473,2301100,0.0,0
2017-05-22,8.9566,9.0766,8.735,8.7811,2699500,0.0,0
2017-05-23,8.8181,8.8642,8.6426,8.8088,1484300,0.0,0
2017-05-24,8.7996,8.8088,8.6057,8.7996,1996300,0.0,0
2017-05-25,8.7996,8.8642,8.6703,8.7904,2640000,0.0,0
2017-05-26,8.7534,8.7904,8.6611,8.735,1278700,0.0,0
2017-05-30,8.6796,8.7165,8.5965,8.6334,1313000,0.0,0
2017-05-31,8.6703,8.8088,8.578,8.7811,1427500,0.0,0
2017-06-01,8.8088,9.0304,8.6611,8.9843,1950400,0.0,0
2017-06-02,8.9658,9.132,8.9196,9.1136,1872800,0.0,0
2017-06-05,9.0951,9.169,8.6519,8.7073,2864700,0.0,0
2017-06-06,8.6334,8.6426,8.4303,8.5595,1835700,0.0,0
2017-06-07,8.5965,8.7257,8.5134,8.7257,1675100,0.0,0
2017-06-08,8.735,9.0212,8.578,8.8365,1706200,0.0,0
2017-06-09,8.9104,9.1874,8.8919,9.0212,2995700,0.0,0
2017-06-12,9.012,9.1967,8.9104,9.1043,1861000,0.0,0
2017-06-13,9.1597,9.1967,8.9843,9.0212,955800,0.0,0
2017-06-14,8.9658,9.132,8.9104,9.0304,2042600,0.0,0
2017-06-15,8.9104,9.1413,8.9104,9.0397,1236800,0.0,0
2017-06-16,9.0212,9.2705,8.8735,9.169,3063900,0.0,0
2017-06-19,9.1967,9.3259,9.0766,9.2705,1479600,0.0,0
2017-06-20,9.2336,9.2613,9.0212,9.0397,1467900,0.0,0
2017-06-21,9.0766,9.1136,8.8919,8.8919,1710000,0.0,0
2017-06-22,8.9012,9.4367,8.8827,9.3167,2362800,0.0,0
2017-06-23,9.3998,9.3998,9.1782,9.2151,1491700,0.0,0
2017-06-26,9.289,9.3721,9.132,9.3259,879400,0.0,0
2017-06-27,9.3998,9.686,9.3629,9.5383,1929600,0.0,0
2017-06-28,9.6214,9.6583,9.5198,9.5752,1150100,0.0,0
2017-06-29,9.686,9.723,9.2151,9.3813,1179200,0.0,0
2017-06-30,9.4644,9.4737,9.2798,9.3906,1211100,0.0,0
2017-07-03,9.4644,9.6768,9.4644,9.5198,567000,0.0,0
2017-07-05,9.5198,9.6214,9.409,9.5475,820200,0.0,0
2017-07-06,9.3998,9.5937,9.2798,9.5475,1586000,0.0,0
2017-07-07,9.6306,9.9169,9.5752,9.7137,1924200,0.0,0
2017-07-10,9.7599,9.9076,9.7322,9.7784,1586400,0.0,0
2017-07-11,9.7322,9.8522,9.5937,9.6029,1205600,0.0,0
2017-07-12,9.6306,9.843,9.6122,9.7876,846100,0.0,0
2017-07-13,9.8061,9.8707,9.6676,9.686,1768900,0.0,0
2017-07-14,9.6583,9.8522,9.6306,9.6953,1269800,0.0,0
2017-07-17,9.7045,9.7414,9.6029,9.6491,1513900,0.0,0
2017-07-18,9.6214,9.7045,9.5014,9.6306,1356200,0.0,0
2017-07-19,9.6676,9.8522,9.6399,9.7968,1878700,0.0,0
2017-07-20,9.8615,9.963,9.7876,9.8892,714400,0.0,0
2017-07-21,9.9723,9.9723,9.723,9.7322,1334600,0.0,0
2017-07-24,9.7322,9.7968,9.6676,9.7414,1576900,0.0,0
2017-07-25,9.8707,9.9169,9.7322,9.8153,1412500,0.0,0
2017-07-26,9.8615,9.9169,9.8153,9.8245,1192500,0.0,0
2017-07-27,9.8338,9.8522,9.3629,9.6122,2278900,0.0,0
2017-07-28,9.2798,9.4644,8.8642,9.3536,1865500,0.0,0
2017-07-31,9.3536,9.7507,9.2705,9.6399,1370600,0.0,0
2017-08-01,9.7137,9.8707,9.6214,9.7599,1326500,0.0,0
2017-08-02,9.7691,9.7691,9.3444,9.3906,936700,0.0,0
2017-08-03,9.3813,9.4829,9.1967,9.2244,1501100,0.0,0
2017-08-04,9.2336,9.3259,9.0766,9.132,1662300,0.0,0
2017-08-07,9.1693,9.3927,9.1227,9.3182,1611100,0.08,0
2017-08-08,9.253,9.2903,8.9831,9.0017,1396500,0.0,0
2017-08-09,8.89,8.9645,8.7038,8.7876,1459500,0.0,0
2017-08-10,8.6945,8.7876,8.5176,8.5363,1321300,0.0,0
2017-08-11,8.5642,8.7597,8.5269,8.6573,1351200,0.0,0
2017-08-14,8.7504,8.89,8.6014,8.6107,1330300,0.0,0
2017-08-15,8.6107,8.6573,8.4618,8.5735,1207400,0.0,0
2017-08-16,8.6107,8.7317,8.4618,8.4804,1048200,0.0,0
2017-08-17,8.4245,8.5363,7.7915,8.2663,1696000,0.0,0
2017-08-18,8.2011,8.499,8.1732,8.2942,1204400,0.0,0
2017-08-21,8.257,8.3408,8.2104,8.2849,954000,0.0,0
2017-08-22,8.3128,8.4711,8.3128,8.4059,681600,0.0,0
2017-08-23,8.3408,8.4711,8.3315,8.3315,555300,0.0,0
2017-08-24,8.4152,8.6945,8.4059,8.5549,1503400,0.0,0
2017-08-25,8.5642,8.6293,8.5083,8.5549,700200,0.0,0
2017-08-28,8.5735,8.6386,8.4618,8.5549,791600,0.0,0
2017-08-29,8.4618,8.5456,8.3594,8.4804,1460200,0.0,0
2017-08-30,8.4618,8.5549,8.378,8.4804,1279600,0.0,0
2017-08-31,8.5083,8.62,8.3966,8.5363,1113200,0.0,0
2017-09-01,8.5642,8.6386,8.5083,8.5549,975300,0.0,0
2017-09-05,8.499,8.5176,8.1918,8.2291,1465200,0.0,0
2017-09-06,8.2477,8.3594,8.1453,8.1546,966800,0.0,0
2017-09-07,8.1825,8.2849,8.1453,8.2104,995300,0.0,0
2017-09-08,8.2104,8.3501,8.1639,8.2756,993200,0.0,0
2017-09-11,8.3594,8.5363,8.3408,8.4804,713900,0.0,0
2017-09-12,8.5176,8.62,8.4711,8.5269,678300,0.0,0
2017-09-13,8.5176,8.7317,8.4245,8.6293,829800,0.0,0
2017-09-14,8.6293,8.7038,8.5363,8.5549,852100,0.0,0
2017-09-15,8.5456,8.648,8.4245,8.4525,1942400,0.0,0
2017-09-18,8.4897,8.5642,8.3221,8.3408,1142600,0.0,0
2017-09-19,8.3594,8.4339,8.2849,8.3221,893700,0.0,0
2017-09-20,8.3221,8.4245,8.2756,8.3873,979300,0.0,0
2017-09-21,8.378,8.4804,8.2942,8.3966,780200,0.0,0
2017-09-22,8.378,8.6573,8.378,8.6107,1531600,0.0,0
2017-09-25,8.6293,8.7876,8.6107,8.7783,993700,0.0,0
2017-09-26,8.7969,8.9552,8.7038,8.9272,1430200,0.0,0
2017-09-27,9.0296,9.374,8.9458,9.2623,2022200,0.0,0
2017-09-28,9.2437,9.281,9.0482,9.2251,1233300,0.0,0
2017-09-29,9.2251,9.4951,9.2158,9.4764,3190900,0.0,0
2017-10-02,9.4578,9.6068,9.3741,9.5602,1341600,0.0,0
2017-10-03,9.5602,9.6161,9.4858,9.5788,1498700,0.0,0
2017-10-04,9.5788,9.8116,9.5416,9.793,1624500,0.0,0
2017-10-05,9.793,9.9698,9.7557,9.8953,1258800,0.0,0
2017-10-06,9.8488,9.9884,9.793,9.886,818200,0.0,0
2017-10-09,9.7743,9.9605,9.7371,9.7464,764000,0.0,0
2017-10-10,9.7836,9.9512,9.7371,9.8581,1170700,0.0,0
2017-10-11,9.8116,10.0257,9.7743,10.0071,1297600,0.0,0
2017-10-12,10.035,10.277,10.0071,10.1932,1827800,0.0,0
2017-10-13,10.1932,10.2677,10.1374,10.2305,1257500,0.0,0
2017-10-16,10.2398,10.3329,10.156,10.2398,1100600,0.0,0
2017-10-17,10.3329,10.3422,10.0071,10.0443,1145600,0.0,0
2017-10-18,9.9605,10.2584,9.9605,10.2398,1362200,0.0,0
2017-10-19,10.1281,10.6401,10.035,10.4539,2560600,0.0,0
2017-10-20,10.6121,10.789,10.5097,10.6214,1932800,0.0,0
2017-10-23,10.6587,10.7145,10.547,10.5563,1181900,0.0,0
2017-10-24,10.6308,10.8076,10.5656,10.6959,1889200,0.0,0
2017-10-25,10.668,10.668,10.2863,10.4073,1943800,0.0,0
2017-10-26,10.4446,10.7332,10.4446,10.5004,2123300,0.0,0
2017-10-27,10.2398,10.8635,10.1746,10.7611,2378900,0.0,0
2017-10-30,10.8542,10.9193,10.4818,10.5004,1855400,0.0,0
2017-10-31,10.4911,10.6773,10.2398,10.3236,2246500,0.0,0
2017-11-01,10.5004,10.7145,10.4353,10.6214,1745000,0.0,0
2017-11-02,10.6214,11.0869,10.5563,11.031,1875900,0.0,0
2017-11-03,11.031,11.2917,11.0031,11.2544,1670500,0.0,0
2017-11-06,11.2917,11.5244,11.2451,11.4592,1156700,0.0,0
2017-11-07,11.5717,11.5904,11.3655,11.4499,1909600,0.08,0
2017-11-08,11.3843,11.3843,11.1407,11.2625,1387200,0.0,0
2017-11-09,11.1781,11.2344,10.972,11.1407,1027300,0.0,0
2017-11-10,11.1313,11.2812,10.9814,11.1875,1593900,0.0,0
2017-11-13,11.1781,11.2063,10.4286,10.5691,3222800,0.0,0
2017-11-14,10.6816,10.7659,10.4192,10.4286,2362600,0.0,0
2017-11-15,10.3536,10.4567,10.1943,10.2318,2066600,0.0,0
2017-11-16,10.3255,10.5785,10.2505,10.4848,2189800,0.0,0
2017-11-17,10.4473,10.5597,10.2505,10.2599,1810300,0.0,0
2017-11-20,9.9976,10.5785,9.9976,10.3911,1645000,0.0,0
2017-11-21,10.4848,10.6909,10.4848,10.5597,1923400,0.0,0
2017-11-22,10.6066,10.7565,10.5597,10.5879,1440600,0.0,0
2017-11-24,10.6253,10.6628,10.4192,10.4567,390200,0.0,0
2017-11-27,10.4379,10.616,10.3161,10.4567,1631000,0.0,0
2017-11-28,10.4754,10.972,10.4754,10.8221,3054800,0.0,0
2017-11-29,10.9158,11.0563,10.7659,10.7752,1634600,0.0,0
2017-11-30,10.8502,11.0001,10.7659,10.7752,2556300,0.0,0
2017-12-01,10.8221,11.0001,10.3442,10.9908,2449000,0.0,0
2017-12-04,11.1875,11.4124,11.15,11.2437,2602900,0.0,0
2017-12-05,11.2344,11.5061,11.0938,11.1782,1417200,0.0,0
2017-12-06,11.1313,11.2344,10.8877,10.8971,1247300,0.0,0
2017-12-07,10.8783,11.0657,10.8034,10.9533,1308300,0.0,0
2017-12-08,11.0751,11.2625,10.8596,11.2063,1426000,0.0,0
2017-12-11,11.1781,11.1875,10.8877,10.9439,922200,0.0,0
2017-12-12,10.9439,11.0563,10.794,10.9439,825100,0.0,0
2017-12-13,10.9252,11.0938,10.8502,10.8971,1093000,0.0,0
2017-12-14,10.8971,10.9252,10.6347,10.7378,1451400,0.0,0
2017-12-15,10.7752,11.1032,10.7565,11.0095,2203400,0.0,0
2017-12-18,11.1594,11.3281,11.0001,11.225,1342200,0.0,0
2017-12-19,11.225,11.4686,11.2063,11.2625,1158400,0.0,0
2017-12-20,11.3281,11.3468,11.1781,11.2531,896400,0.0,0
2017-12-21,11.3468,11.8434,11.3187,11.7029,2756400,0.0,0
2017-12-22,11.7966,11.8809,11.6466,11.8621,1242000,0.0,0
2017-12-26,11.7403,11.8809,11.6747,11.8247,780300,0.0,0
2017-12-27,11.8153,11.8809,11.7029,11.7403,773900,0.0,0
2017-12-28,11.7497,11.8059,11.6747,11.7684,518000,0.0,0
2017-12-29,11.7778,11.8809,11.7216,11.7591,756500,0.0,0
2018-01-02,11.7684,11.8059,11.3749,11.4499,915100,0.0,0
2018-01-03,11.5529,11.834,11.4218,11.4405,1777000,0.0,0
2018-01-04,11.5155,11.7497,11.4592,11.7029,1024500,0.0,0
2018-01-05,11.7497,12.0402,11.7403,11.9558,1264500,0.0,0
2018-01-08,11.9465,12.3213,11.9465,12.2182,1110900,0.0,0
2018-01-09,12.2932,12.3587,12.0776,12.0964,896200,0.0,0
2018-01-10,12.1058,12.1901,12.0027,12.0964,1075200,0.0,0
2018-01-11,12.1339,12.3775,12.0589,12.3587,720200,0.0,0
2018-01-12,12.415,12.5649,12.2932,12.3962,1018200,0.0,0
2018-01-16,12.4993,12.4993,12.0308,12.0308,870100,0.0,0
2018-01-17,12.1245,12.2932,12.0121,12.265,940800,0.0,0
2018-01-18,12.2932,12.3775,11.8434,12.0027,1332100,0.0,0
2018-01-19,12.087,12.1807,11.8247,12.087,1117400,0.0,0
2018-01-22,12.0121,12.1151,11.9746,11.984,977000,0.0,0
2018-01-23,11.9558,12.0495,11.8434,11.8434,1077200,0.0,0
2018-01-24,11.8715,11.8715,11.4218,11.4311,1830700,0.0,0
2018-01-25,11.5436,11.6654,11.3562,11.4405,1461500,0.0,0
2018-01-26,11.4686,11.5717,11.3187,11.5529,1612500,0.0,0
2018-01-29,11.5342,11.6279,11.3562,11.3655,1161300,0.0,0
2018-01-30,11.1969,11.3655,11.0189,11.0189,1445700,0.0,0
2018-01-31,11.0563,11.2063,10.8596,10.8596,2008900,0.0,0
2018-02-01,10.8408,11.0095,10.6347,10.8783,2025200,0.0,0
2018-02-02,10.3723,10.719,9.9694,10.0725,3706500,0.0,0
2018-02-05,9.5853,9.9601,9.2573,9.3791,4038700,0.0,0
2018-02-06,9.0325,9.5291,8.92,9.4822,3897400,0.0,0
2018-02-07,9.4166,9.8102,9.3136,9.679,2086300,0.0,0
2018-02-08,9.7539,9.8195,9.3698,9.3791,1759500,0.0,0
2018-02-09,9.5665,9.5665,9.0606,9.4166,2781400,0.0,0
2018-02-12,9.501,9.7446,9.3979,9.604,1592300,0.0,0
2018-02-13,9.4537,9.557,9.2939,9.3127,1102500,0.03,0
2018-02-14,9.2093,9.4819,9.1811,9.4537,2049500,0.0,0
2018-02-15,9.5664,9.6416,9.1436,9.1811,1771000,0.0,0
2018-02-16,9.1342,9.9329,9.1154,9.7826,7748100,0.0,0
2018-02-20,9.8765,9.9893,9.7356,9.8202,2258000,0.0,0
2018-02-21,9.8202,10.0363,9.5288,9.5382,1796300,0.0,0
2018-02-22,9.604,9.604,9.2939,9.3127,1385600,0.0,0
2018-02-23,9.3973,9.4819,9.2845,9.4631,1485100,0.0,0
2018-02-26,9.5101,9.6416,9.4255,9.6134,673900,0.0,0
2018-02-27,9.5101,9.7168,9.2281,9.2845,1556800,0.0,0
2018-02-28,9.3221,9.4255,9.0214,9.0308,1043200,0.0,0
2018-03-01,9.0684,9.2375,8.8992,9.106,1470900,0.0,0
2018-03-02,9.0308,9.1905,8.9556,9.106,1256000,0.0,0
2018-03-05,9.012,9.2939,9.012,9.2469,1130800,0.0,0
2018-03-06,9.2375,9.4819,9.1624,9.3409,1399500,0.0,0
2018-03-07,9.1999,9.3879,9.1905,9.3315,1371700,0.0,0
2018-03-08,9.3409,9.3879,9.1154,9.1718,1538500,0.0,0
2018-03-09,9.2563,9.4631,9.2375,9.4161,1307900,0.0,0
2018-03-12,9.3973,9.5195,9.2563,9.3127,1357700,0.0,0
2018-03-13,9.3973,9.5195,9.0496,9.0496,1022700,0.0,0
2018-03-14,9.0684,9.1624,8.9368,8.9462,1132300,0.0,0
2018-03-15,9.059,9.1436,8.9086,8.9274,858500,0.0,0
2018-03-16,8.9274,9.1624,8.8804,9.106,2201200,0.0,0
2018-03-19,9.0214,9.1154,8.7865,9.012,1018500,0.0,0
2018-03-20,9.059,9.106,8.9274,9.0966,1270300,0.0,0
2018-03-21,9.1154,9.4255,9.0966,9.2751,918400,0.0,0
2018-03-22,9.1436,9.2375,8.5891,8.6079,1622000,0.0,0
2018-03-23,8.6361,8.6925,8.3824,8.4012,1149000,0.0,0
2018-03-26,8.5609,8.8522,8.5139,8.824,1275500,0.0,0
2018-03-27,8.7959,8.7959,8.4482,8.5045,1605600,0.0,0
2018-03-28,8.5421,8.6173,8.3072,8.5421,1437300,0.0,0
2018-03-29,8.6267,8.7489,8.5515,8.6173,1151000,0.0,0
2018-04-02,8.6643,8.7677,8.1193,8.2132,1084900,0.0,0
2018-04-03,8.2508,8.3166,8.1474,8.1944,1133500,0.0,0
2018-04-04,8.1005,8.4764,8.1005,8.4106,1391600,0.0,0
2018-04-05,8.5703,8.5891,8.3166,8.4951,1066400,0.0,0
2018-04-06,8.3448,8.4764,8.1568,8.2696,916000,0.0,0
2018-04-09,8.3072,8.4764,8.1568,8.2696,840100,0.0,0
2018-04-10,8.373,8.5139,8.279,8.4576,975200,0.0,0
2018-04-11,8.3448,8.4951,8.279,8.4576,1606200,0.0,0
2018-04-12,8.5139,8.6455,8.42,8.5609,1115400,0.0,0
2018-04-13,8.6455,8.6455,8.326,8.373,652200,0.0,0
2018-04-16,8.5233,8.7207,8.4576,8.5609,1168600,0.0,0
2018-04-17,8.6079,8.871,8.5327,8.7019,1025100,0.0,0
2018-04-18,8.8616,9.1248,8.8241,9.0872,1498100,0.0,0
2018-04-19,9.059,9.1999,8.9932,9.1154,1082700,0.0,0
2018-04-20,9.106,9.106,8.7583,8.8804,1459500,0.0,0
2018-04-23,8.9368,9.2281,8.918,9.0966,2169800,0.0,0
2018-04-24,9.1624,9.3127,9.0308,9.1718,1525100,0.0,0
2018-04-25,9.153,9.3315,9.1248,9.2751,1173000,0.0,0
2018-04-26,9.3127,9.3127,9.0402,9.2281,2421800,0.0,0
2018-04-27,9.3315,9.8484,9.2845,9.7262,2312200,0.0,0
2018-04-30,10.1585,10.5156,9.9329,9.9329,2436200,0.0,0
2018-05-01,9.839,9.839,9.5476,9.8202,2179600,0.0,0
2018-05-02,9.7826,10.2336,9.745,10.1961,2788900,0.0,0
2018-05-03,10.1585,10.3464,10.0363,10.2712,2315700,0.0,0
2018-05-04,10.1679,10.5062,10.1209,10.3934,1442300,0.0,0
2018-05-07,10.4216,10.7223,10.3652,10.6565,1964800,0.0,0
2018-05-08,10.6094,10.9392,10.6094,10.8355,2188900,0.03,0
2018-05-09,10.9015,11.0428,10.8638,10.9863,1290100,0.0,0
2018-05-10,10.9957,11.1371,10.9203,10.9769,1240600,0.0,0
2018-05-11,10.9486,10.9957,10.845,10.9109,997600,0.0,0
2018-05-14,10.9015,10.9392,10.8355,10.8921,958700,0.0,0
2018-05-15,10.8732,10.9957,10.7602,10.8732,1414700,0.0,0
2018-05-16,10.534,11.0428,10.5058,10.9203,2316800,0.0,0
2018-05-17,10.9392,11.1182,10.8638,10.9863,1076100,0.0,0
2018-05-18,11.0428,11.0428,10.8355,10.9203,954300,0.0,0
2018-05-21,10.9957,11.0711,10.7979,10.845,799700,0.0,0
2018-05-22,10.8167,10.8732,10.6754,10.6754,693300,0.0,0
2018-05-23,10.6659,10.7225,10.5811,10.6754,940600,0.0,0
2018-05-24,10.6094,10.7036,10.4398,10.5529,791400,0.0,0
2018-05-25,10.4775,10.6471,10.3739,10.5435,782700,0.0,0
2018-05-29,10.421,10.4869,10.1289,10.2514,1101300,0.0,0
2018-05-30,10.3927,10.5906,10.3173,10.4021,1727900,0.0,0
2018-05-31,9.8085,10.3833,9.7614,10.3267,2161200,0.0,0
2018-06-01,10.3644,10.5717,10.1195,10.2514,1800800,0.0,0
2018-06-04,10.2419,10.3927,10.176,10.3173,1445600,0.0,0
2018-06-05,10.3644,10.6,10.2985,10.5246,1252700,0.0,0
2018-06-06,10.5529,10.7319,10.5529,10.6754,971800,0.0,0
2018-06-07,10.7131,10.8167,10.5058,10.6188,632900,0.0,0
2018-06-08,10.5906,10.7602,10.4963,10.7225,858100,0.0,0
2018-06-11,10.7225,10.8073,10.5529,10.6094,886300,0.0,0
2018-06-12,10.6094,10.6848,10.3173,10.3927,861400,0.0,0
2018-06-13,10.4492,10.6094,10.3079,10.3362,1681700,0.0,0
2018-06-14,10.3362,10.4021,10.1006,10.1854,1297600,0.0,0
2018-06-15,10.1006,10.2514,10.0064,10.1948,1183900,0.0,0
2018-06-18,10.1383,10.4115,10.1006,10.3644,1201700,0.0,0
2018-06-19,10.2325,10.6283,10.0347,10.5435,1418900,0.0,0
2018-06-20,10.421,10.4775,10.0064,10.0064,1418400,0.0,0
2018-06-21,10.0347,10.0629,9.7803,9.9404,1043600,0.0,0
2018-06-22,9.9781,10.0723,9.7237,9.7331,1207800,0.0,0
2018-06-25,9.6483,9.6672,9.2715,9.3939,1041800,0.0,0
2018-06-26,9.3751,9.3751,9.2526,9.3468,836300,0.0,0
2018-06-27,9.3845,9.3845,9.0736,9.0736,980100,0.0,0
2018-06-28,9.0359,9.0736,8.7438,8.7532,2220600,0.0,0
2018-06-29,8.8192,8.8946,8.4329,8.5554,2416000,0.0,0
2018-07-02,8.4706,8.9511,8.4706,8.9417,1137400,0.0,0
2018-07-03,8.9511,9.1019,8.9228,9.0265,496900,0.0,0
2018-07-05,9.0265,9.0736,8.9228,9.0453,547200,0.0,0
2018-07-06,9.0736,9.1961,8.9605,8.9982,604900,0.0,0
2018-07-09,9.0265,9.2149,8.904,9.1207,633000,0.0,0
2018-07-10,9.1019,9.1207,8.8663,8.9228,536500,0.0,0
2018-07-11,8.8098,8.9134,8.6307,8.6967,844900,0.0,0
2018-07-12,8.8003,8.8569,8.6119,8.659,534800,0.0,0
2018-07-13,8.2256,8.6779,8.1973,8.5931,1316500,0.0,0
2018-07-16,8.5742,8.6684,8.4988,8.659,702300,0.0,0
2018-07-17,8.7155,8.9134,8.5459,8.6684,1090100,0.0,0
2018-07-18,8.7061,8.8569,8.659,8.7438,754100,0.0,0
2018-07-19,8.6967,8.7721,8.6213,8.659,686200,0.0,0
2018-07-20,8.5459,8.659,8.5083,8.5648,410600,0.0,0
2018-07-23,8.5648,8.7438,8.5271,8.6213,677000,0.0,0
2018-07-24,8.6967,8.7627,8.5083,8.7061,782700,0.0,0
2018-07-25,8.7155,8.8098,8.5742,8.6779,1122100,0.0,0
2018-07-26,8.6779,8.8946,8.6307,8.7532,874300,0.0,0
2018-07-27,8.8475,9.0076,8.48,8.8663,1369400,0.0,0
2018-07-30,8.8851,8.904,8.4988,8.5931,1059400,0.0,0
2018-07-31,8.3387,8.3858,8.056,8.235,3328000,0.0,0
2018-08-01,8.2067,8.2915,7.4718,7.6226,4604900,0.0,0
2018-08-02,7.5001,7.5943,7.2551,7.5566,1795200,0.0,0
2018-08-03,7.5943,7.9147,7.5849,7.6697,1241100,0.0,0
2018-08-06,7.6979,7.8299,7.4624,7.5943,2062100,0.0,0
2018-08-07,7.6605,7.8686,7.6132,7.6889,1015400,0.03,0
2018-08-08,7.7267,7.7835,7.6416,7.6889,880100,0.0,0
2018-08-09,7.67,7.7929,7.6227,7.651,1176600,0.0,0
2018-08-10,7.6321,7.6794,7.5281,7.547,690300,0.0,0
2018-08-13,7.547,7.7456,7.4146,7.6605,1059800,0.0,0
2018-08-14,7.6889,7.8591,7.6794,7.7456,588300,0.0,0
2018-08-15,7.7172,7.7929,7.5659,7.651,488000,0.0,0
2018-08-16,7.6794,7.9159,7.67,7.7456,710500,0.0,0
2018-08-17,7.6794,7.7645,7.5848,7.651,718900,0.0,0
2018-08-20,7.6889,7.7929,7.5281,7.6794,1241200,0.0,0
2018-08-21,7.6605,7.8213,7.6321,7.651,928900,0.0,0
2018-08-22,7.6416,7.7078,7.6132,7.651,603800,0.0,0
2018-08-23,7.6605,7.7551,7.4997,7.5565,703300,0.0,0
2018-08-24,7.5659,7.7172,7.4903,7.6321,1022600,0.0,0
2018-08-27,7.5754,7.8118,7.5754,7.7078,1421400,0.0,0
2018-08-28,7.6983,7.8307,7.6227,7.6416,784500,0.0,0
2018-08-29,7.6605,7.7267,7.5565,7.651,1225900,0.0,0
2018-08-30,7.651,7.6983,7.5754,7.6416,733700,0.0,0
2018-08-31,7.6227,7.7929,7.5754,7.774,1060500,0.0,0
2018-09-04,7.774,7.8118,7.5565,7.7172,2134500,0.0,0
2018-09-05,7.6794,7.8213,7.6321,7.6794,1249100,0.0,0
2018-09-06,7.6889,7.7267,7.4052,7.4903,805200,0.0,0
2018-09-07,7.4714,7.5754,7.1593,7.4808,1317700,0.0,0
2018-09-10,7.5092,7.5943,7.4619,7.5376,654500,0.0,0
2018-09-11,7.5186,7.5281,7.3295,7.4052,793900,0.0,0
2018-09-12,7.4052,7.4335,7.2822,7.4146,842300,0.0,0
2018-09-13,7.4714,7.5659,7.3579,7.4052,1095000,0.0,0
2018-09-14,7.4335,7.7456,7.4335,7.6605,1606700,0.0,0
2018-09-17,7.7362,7.7456,7.4524,7.4619,1041500,0.0,0
2018-09-18,7.4619,7.5092,7.3673,7.4524,896000,0.0,0
2018-09-19,7.443,7.7645,7.4241,7.7078,1619700,0.0,0
2018-09-20,7.774,7.8497,7.5943,7.7267,895500,0.0,0
2018-09-21,7.7267,7.7835,7.5848,7.7456,1724900,0.0,0
2018-09-24,7.7551,7.7551,7.5754,7.6794,577300,0.0,0
2018-09-25,7.6983,7.9726,7.6605,7.9726,1279700,0.0,0
2018-09-26,7.9726,8.0672,7.7645,7.7929,809000,0.0,0
2018-09-27,7.7835,7.9821,7.7362,7.8402,781400,0.0,0
2018-09-28,7.8024,8.0483,7.7835,8.0199,1114400,0.0,0
2018-10-01,7.9915,7.9915,7.6132,7.7456,1246100,0.0,0
2018-10-02,7.7551,7.878,7.67,7.8024,1053000,0.0,0
2018-10-03,7.8497,8.0199,7.8497,7.8969,915200,0.0,0
2018-10-04,7.8875,8.001,7.8024,7.9442,1427300,0.0,0
2018-10-05,7.9915,8.001,7.6321,7.6794,1288000,0.0,0
2018-10-08,7.6321,7.7078,7.547,7.6227,734100,0.0,0
2018-10-09,7.5659,7.7551,7.4146,7.4619,1908700,0.0,0
2018-10-10,7.4335,7.4524,6.9323,6.989,5860300,0.0,0
2018-10-11,6.9417,7.0741,6.8377,6.8661,1445100,0.0,0
2018-10-12,6.989,6.9985,6.6486,6.8755,2150500,0.0,0
2018-10-15,6.885,7.1593,6.8377,7.0458,832000,0.0,0
2018-10-16,7.0552,7.339,6.9417,7.3295,1467500,0.0,0
2018-10-17,7.2822,7.4524,7.2444,7.2728,777100,0.0,0
2018-10-18,7.2255,7.2444,6.8661,6.9323,1072900,0.0,0
2018-10-19,6.9228,7.0079,6.7526,6.7999,810600,0.0,0
2018-10-22,6.8377,6.8945,6.6486,6.6864,1091400,0.0,0
2018-10-23,6.5634,6.7242,6.4405,6.6391,938200,0.0,0
2018-10-24,6.5824,6.6202,6.2797,6.2797,2173300,0.0,0
2018-10-25,6.3459,6.5824,6.2419,6.5351,1641600,0.0,0
2018-10-26,7.5186,7.5186,6.4972,7.1214,2643700,0.0,0
2018-10-29,7.2065,7.32,6.9417,7.0647,1186900,0.0,0
2018-10-30,7.0931,7.4524,7.0552,7.4335,1634800,0.0,0
2018-10-31,7.5186,7.6605,7.32,7.3484,1365000,0.0,0
2018-11-01,7.3768,7.5281,7.2822,7.4335,950400,0.0,0
2018-11-02,7.4997,7.5659,7.2633,7.3673,554200,0.0,0
2018-11-05,7.3484,7.4335,7.2444,7.3862,689000,0.0,0
2018-11-06,7.4147,7.4907,7.3578,7.4432,473100,0.03,0
2018-11-07,7.4812,7.5286,7.2533,7.4622,588300,0.0,0
2018-11-08,7.1869,7.5571,7.1869,7.4812,517100,0.0,0
2018-11-09,7.4337,7.4717,7.2723,7.3293,590000,0.0,0
2018-11-12,7.3103,7.3103,7.0065,7.0445,755700,0.0,0
2018-11-13,7.0445,7.1394,6.9495,7.016,752100,0.0,0
2018-11-14,7.1014,7.2153,6.7501,6.8356,1461700,0.0,0
2018-11-15,6.8071,7.1014,6.7501,7.054,899300,0.0,0
2018-11-16,6.997,7.1204,6.9495,7.0634,1501400,0.0,0
2018-11-19,7.016,7.0919,6.8071,7.0255,717700,0.0,0
2018-11-20,6.921,7.1774,6.8166,7.0445,785200,0.0,0
2018-11-21,7.0919,7.3483,7.0824,7.1394,519600,0.0,0
2018-11-23,7.0634,7.2059,7.0255,7.035,207000,0.0,0
2018-11-26,7.1489,7.2818,7.1109,7.1964,609500,0.0,0
2018-11-27,7.1394,7.2533,7.0634,7.0824,401200,0.0,0
2018-11-28,7.1584,7.2343,6.921,7.1964,978400,0.0,0
2018-11-29,7.1204,7.2059,6.7881,6.8831,1178100,0.0,0
2018-11-30,6.8451,6.921,6.5698,6.7312,1230000,0.0,0
2018-12-03,6.8261,7.1394,6.7596,7.016,1238800,0.0,0
2018-12-04,7.0065,7.054,6.3514,6.3609,1091600,0.0,0
2018-12-06,6.1995,6.2375,6.0381,6.1995,1022500,0.0,0
2018-12-07,6.228,6.3514,6.1236,6.247,997300,0.0,0
2018-12-10,6.266,6.2755,5.8957,6.0476,1353000,0.0,0
2018-12-11,6.152,6.209,5.8862,6.0761,811000,0.0,0
2018-12-12,6.171,6.3514,6.0571,6.2849,1015500,0.0,0
2018-12-13,6.3039,6.3039,6.1236,6.19,700600,0.0,0
2018-12-14,6.1141,6.2565,6.0761,6.19,823400,0.0,0
2018-12-17,6.152,6.3989,6.1046,6.152,2215600,0.0,0
2018-12-18,6.3324,6.3704,6.0666,6.133,965300,0.0,0
2018-12-19,6.1236,6.3609,5.9622,6.0001,849200,0.0,0
2018-12-20,5.9527,6.0951,5.8862,5.9906,794200,0.0,0
2018-12-21,6.0191,6.209,5.9811,5.9906,1991900,0.0,0
2018-12-24,5.9432,6.1046,5.8482,5.8672,610800,0.0,0
2018-12-26,5.9242,6.3229,5.8387,6.3039,755900,0.0,0
2018-12-27,6.19,6.3514,6.0761,6.3229,919800,0.0,0
2018-12-28,6.3514,6.4084,6.133,6.2375,1021700,0.0,0
2018-12-31,6.247,6.3989,6.0476,6.3134,797600,0.0,0
2019-01-02,6.1995,6.4369,6.19,6.3989,934900,0.0,0
2019-01-03,6.3419,6.3419,6.0381,6.0476,591400,0.0,0
2019-01-04,6.1046,6.2944,6.0571,6.209,1311300,0.0,0
2019-01-07,6.2185,6.3704,6.1046,6.266,1722600,0.0,0
2019-01-08,6.3134,6.4463,6.19,6.4369,1281600,0.0,0
2019-01-09,6.4274,6.4748,6.3134,6.3419,791900,0.0,0
2019-01-10,6.3134,6.3799,6.247,6.2944,891000,0.0,0
2019-01-11,6.2755,6.3134,5.9147,6.19,1237700,0.0,0
2019-01-14,6.1046,6.266,6.1046,6.228,966600,0.0,0
2019-01-15,6.228,6.3514,6.19,6.3324,711400,0.0,0
2019-01-16,6.3799,6.4843,6.3229,6.3989,1104300,0.0,0
2019-01-17,6.3419,6.4938,6.3324,6.4463,603000,0.0,0
2019-01-18,6.4558,6.5413,6.3799,6.5033,2361000,0.0,0
2019-01-22,6.4084,6.5698,6.3324,6.3989,1217300,0.0,0
2019-01-23,6.4274,6.4748,6.0666,6.1615,2017700,0.0,0
2019-01-24,6.1615,6.3229,6.1046,6.171,1069800,0.0,0
2019-01-25,6.2375,6.2849,6.0951,6.0951,972400,0.0,0
2019-01-28,6.0571,6.3419,6.0381,6.3229,1637300,0.0,0
2019-01-29,6.3134,6.4653,6.2375,6.247,1196700,0.0,0
2019-01-30,6.2565,6.2944,6.0096,6.19,1056300,0.0,0
2019-01-31,6.1615,6.3799,6.1046,6.3609,2324200,0.0,0
2019-02-01,5.7343,5.9052,5.5539,5.7153,4555600,0.0,0
2019-02-04,5.6109,5.8008,5.44,5.6299,3711400,0.0,0
2019-02-05,5.6584,5.9622,5.6584,5.8672,2500100,0.0,0
2019-02-06,5.8862,6.0191,5.8008,5.8672,1354900,0.0,0
2019-02-07,5.8577,5.8862,5.6868,5.7248,1753700,0.0,0
2019-02-08,5.7058,5.7628,5.6014,5.6678,1151200,0.0,0
2019-02-11,5.7153,6.0761,5.6204,5.9811,5574200,0.0,0
2019-02-12,6.0098,6.0479,5.8762,6.0288,1638400,0.03,0
2019-02-13,6.0384,6.1338,5.8762,6.0002,1519900,0.0,0
2019-02-14,5.9621,6.2673,5.9144,6.2387,1698800,0.0,0
2019-02-15,6.2769,6.6203,6.2482,6.6012,3274100,0.0,0
2019-02-19,6.5344,6.792,6.5058,6.7252,2417900,0.0,0
2019-02-20,6.7157,6.9255,6.6584,6.8683,2027900,0.0,0
2019-02-21,6.8588,6.9828,6.8015,6.9732,968700,0.0,0
2019-02-22,6.9828,7.0591,6.9351,7.0209,1641600,0.0,0
2019-02-25,7.0972,7.2022,7.0305,7.1163,2323400,0.0,0
2019-02-26,6.8588,7.412,6.8111,7.393,6965100,0.0,0
2019-02-27,7.3739,7.3739,7.2022,7.3262,1430600,0.0,0
2019-02-28,7.3357,7.4216,7.2785,7.4216,963900,0.0,0
2019-03-01,7.4502,7.6696,7.3643,7.6219,2346100,0.0,0
2019-03-04,7.641,7.641,7.2403,7.3166,2060400,0.0,0
2019-03-05,7.3357,7.3357,7.1449,7.2594,1115600,0.0,0
2019-03-06,7.2499,7.3262,7.0877,7.1068,1097300,0.0,0
2019-03-07,7.0877,7.1259,6.9065,7.0591,1399900,0.0,0
2019-03-08,6.9637,6.9732,6.8492,6.9255,914600,0.0,0
2019-03-11,6.9828,7.0114,6.8969,6.9732,1359700,0.0,0
2019-03-12,6.9732,7.0782,6.7538,6.7729,2472600,0.0,0
2019-03-13,6.8206,6.8874,6.7348,6.8588,941600,0.0,0
2019-03-14,6.8588,6.916,6.6775,6.6966,638900,0.0,0
2019-03-15,6.6966,6.7824,6.5821,6.7538,2099700,0.0,0
2019-03-18,6.8015,6.9637,6.7538,6.916,946600,0.0,0
2019-03-19,6.9637,7.0209,6.8778,6.8969,599000,0.0,0
2019-03-20,6.8778,6.9732,6.8015,6.8111,551300,0.0,0
2019-03-21,6.7824,6.9732,6.6775,6.8683,591500,0.0,0
2019-03-22,6.8111,6.8492,6.5726,6.7443,1111700,0.0,0
2019-03-25,6.7443,6.7729,6.6012,6.668,806400,0.0,0
2019-03-26,6.7157,6.8969,6.7157,6.8874,829400,0.0,0
2019-03-27,6.8874,6.8969,6.6298,6.7348,553000,0.0,0
2019-03-28,6.6966,6.8969,6.6966,6.8874,1732100,0.0,0
2019-03-29,6.9542,6.9637,6.6775,6.7348,896600,0.0,0
2019-04-01,6.8206,6.9255,6.8015,6.8683,647700,0.0,0
2019-04-02,6.8588,6.9542,6.7729,6.8111,567100,0.0,0
2019-04-03,6.8969,6.9732,6.8206,6.8588,575500,0.0,0
2019-04-04,6.9065,7.0495,6.8969,7.0209,460900,0.0,0
2019-04-05,7.0495,7.1545,7.0209,7.1068,747400,0.0,0
2019-04-08,7.1163,7.164,7.0591,7.1068,682400,0.0,0
2019-04-09,7.0972,7.2117,6.8397,6.9732,974400,0.0,0
2019-04-10,6.9732,7.2213,6.9732,7.2117,757900,0.0,0
2019-04-11,7.2499,7.269,7.1545,7.2499,551500,0.0,0
2019-04-12,7.3357,7.412,7.2213,7.3643,751800,0.0,0
2019-04-15,7.393,7.4311,7.1449,7.1926,927000,0.0,0
2019-04-16,7.2308,7.5361,7.2022,7.4979,1382000,0.0,0
2019-04-17,7.4979,7.5647,7.393,7.4788,863200,0.0,0
2019-04-18,7.4311,7.517,7.3548,7.4979,1079900,0.0,0
2019-04-22,7.4693,7.5361,7.2403,7.3453,1074500,0.0,0
2019-04-23,7.3834,7.5265,7.2976,7.4311,944700,0.0,0
2019-04-24,7.3739,7.5361,7.3357,7.4597,749200,0.0,0
2019-04-25,7.4597,7.5456,7.3739,7.4311,1588800,0.0,0
2019-04-26,7.6314,7.6314,7.1545,7.2403,2395400,0.0,0
2019-04-29,7.2117,7.269,6.8778,6.9255,1577100,0.0,0
2019-04-30,6.9637,7.0305,6.7634,6.8683,1364100,0.0,0
2019-05-01,6.8683,6.9351,6.792,6.8111,1583500,0.0,0
2019-05-02,6.8206,6.8874,6.5821,6.7061,1019400,0.0,0
2019-05-03,6.7538,6.8492,6.6489,6.8301,983200,0.0,0
2019-05-06,6.7061,6.9351,6.6775,6.8969,1161200,0.0,0
2019-05-07,6.8394,6.9065,6.5808,6.6191,909200,0.03,0
2019-05-08,6.5904,6.8586,6.5712,6.7437,903000,0.0,0
2019-05-09,6.6479,6.7341,6.5329,6.7053,807200,0.0,0
2019-05-10,6.7053,6.7437,6.5521,6.667,714300,0.0,0
2019-05-13,6.5138,6.6191,6.2455,6.3318,1393300,0.0,0
2019-05-14,6.4946,6.5138,6.3222,6.4084,1341300,0.0,0
2019-05-15,6.3318,6.4946,6.2743,6.418,2257300,0.0,0
2019-05-16,6.418,6.5042,6.4084,6.4467,1261100,0.0,0
2019-05-17,6.3796,6.4467,6.2743,6.3605,877200,0.0,0
2019-05-20,6.2839,6.3701,6.2072,6.2455,844900,0.0,0
2019-05-21,6.2743,6.2839,6.1019,6.2264,1687600,0.0,0
2019-05-22,6.1976,6.236,6.0923,6.1593,656100,0.0,0
2019-05-23,6.0827,6.1402,5.8528,5.9486,1720400,0.0,0
2019-05-24,6.0061,6.0731,5.9582,5.9869,828200,0.0,0
2019-05-28,5.9869,6.0252,5.757,5.9199,1457700,0.0,0
2019-05-29,5.8911,6.1114,5.8145,6.0827,1500200,0.0,0
2019-05-30,6.0923,6.1306,5.8528,5.9007,714100,0.0,0
2019-05-31,5.7953,5.872,5.7091,5.757,1084500,0.0,0
2019-06-03,5.7187,5.8624,5.5846,5.7857,811600,0.0,0
2019-06-04,5.872,5.9582,5.8241,5.8911,538500,0.0,0
2019-06-05,5.8528,5.8624,5.6516,5.7762,849800,0.0,0
2019-06-06,5.7762,5.9103,5.7283,5.8049,660600,0.0,0
2019-06-07,5.8049,5.9007,5.757,5.7666,821300,0.0,0
2019-06-10,5.8336,5.9678,5.8145,5.8241,982700,0.0,0
2019-06-11,5.8624,5.9103,5.7091,5.757,655200,0.0,0
2019-06-12,5.7379,5.9486,5.7091,5.9199,748400,0.0,0
2019-06-13,5.9678,5.9965,5.8815,5.9294,799200,0.0,0
2019-06-14,5.939,6.0348,5.9007,5.939,706100,0.0,0
2019-06-17,5.939,5.939,5.7953,5.8145,582500,0.0,0
2019-06-18,5.8432,6.0923,5.8336,6.0061,930700,0.0,0
2019-06-19,6.0348,6.0635,5.9486,5.9965,620600,0.0,0
2019-06-20,6.0348,6.1498,5.9294,6.0827,1647100,0.0,0
2019-06-21,6.0635,6.0827,5.8911,5.9678,1113400,0.0,0
2019-06-24,5.9582,6.0348,5.7666,5.8815,734700,0.0,0
2019-06-25,5.8624,5.939,5.8049,5.8911,1549000,0.0,0
2019-06-26,5.9199,5.9773,5.8624,5.8911,1064400,0.0,0
2019-06-27,5.8528,5.9869,5.8145,5.9869,1063600,0.0,0
2019-06-28,6.0348,6.1306,5.8528,5.9103,5207300,0.0,0
2019-07-01,5.9965,6.0923,5.9965,6.0252,673400,0.0,0
2019-07-02,6.0252,6.0444,5.8624,5.9199,452500,0.0,0
2019-07-03,5.9486,6.054,5.9486,5.9965,277500,0.0,0
2019-07-05,5.9773,6.0348,5.9199,6.0156,360700,0.0,0
2019-07-08,5.9869,5.9965,5.8336,5.8624,593000,0.0,0
2019-07-09,5.7953,6.1881,5.7762,6.1306,1750200,0.0,0
2019-07-10,6.1019,6.1785,6.0252,6.0444,663900,0.0,0
2019-07-11,6.1114,6.121,5.9677,6.0348,1201500,0.0,0
2019-07-12,6.0444,6.1114,5.9486,6.0923,1115000,0.0,0
2019-07-15,6.1306,6.1306,5.8911,6.0061,802800,0.0,0
2019-07-16,6.0061,6.0731,5.9582,5.9773,489900,0.0,0
2019-07-17,5.9773,5.9965,5.8815,5.9486,631500,0.0,0
2019-07-18,5.9678,6.0923,5.9103,6.0635,847600,0.0,0
2019-07-19,6.0444,6.2743,6.0444,6.1785,1285500,0.0,0
2019-07-22,6.1689,6.1881,6.0348,6.1114,638800,0.0,0
2019-07-23,6.1019,6.1785,6.054,6.1785,751700,0.0,0
2019-07-24,6.1114,6.2264,6.0635,6.1881,1637500,0.0,0
2019-07-25,6.2168,6.2551,6.0348,6.0444,999700,0.0,0
2019-07-26,5.9103,6.2168,5.9007,6.054,1233000,0.0,0
2019-07-29,5.9869,6.0061,5.8528,5.9294,3009100,0.0,0
2019-07-30,5.8815,6.1306,5.8624,6.121,1054000,0.0,0
2019-07-31,6.1114,6.1498,5.872,5.939,1071300,0.0,0
2019-08-01,5.9103,6.054,5.69,5.7283,1982100,0.0,0
2019-08-02,5.6995,5.757,5.5175,5.69,1028100,0.0,0
2019-08-05,5.575,5.575,5.2972,5.4888,1639200,0.0,0
2019-08-06,5.5562,5.5658,5.3636,5.431,501600,0.03,0
2019-08-07,5.3155,5.3155,5.1325,5.2769,1199800,0.0,0
2019-08-08,5.3058,5.3925,5.2288,5.2577,622300,0.0,0
2019-08-09,5.2288,5.2384,5.1036,5.1807,668500,0.0,0
2019-08-12,5.1518,5.1614,5.0266,5.1325,821400,0.0,0
2019-08-13,5.1036,5.3444,5.0844,5.2577,570200,0.0,0
2019-08-14,5.1421,5.1518,5.0266,5.0651,760400,0.0,0
2019-08-15,5.0747,5.1999,5.0651,5.1903,749500,0.0,0
2019-08-16,5.2288,5.3732,5.2192,5.3058,511300,0.0,0
2019-08-19,5.3829,5.431,5.3347,5.3347,432600,0.0,0
2019-08-20,5.3155,5.3347,5.2192,5.2962,791700,0.0,0
2019-08-21,5.354,5.3925,5.2673,5.2769,699300,0.0,0
2019-08-22,5.3058,5.354,5.1807,5.1999,1082400,0.0,0
2019-08-23,5.171,5.171,4.7762,4.7858,3325900,0.0,0
2019-08-26,4.8436,4.8918,4.7666,4.7858,1082400,0.0,0
2019-08-27,4.8147,4.8147,4.5259,4.574,1240800,0.0,0
2019-08-28,4.5162,4.5836,4.391,4.5162,1404700,0.0,0
2019-08-29,4.574,4.7473,4.5451,4.651,1658600,0.0,0
2019-08-30,4.6992,4.757,4.6125,4.6318,759600,0.0,0
2019-09-03,4.574,4.5933,4.391,4.4488,997300,0.0,0
2019-09-04,4.497,4.5547,4.4488,4.5162,867000,0.0,0
2019-09-05,4.5644,4.7473,4.5162,4.7281,1050300,0.0,0
2019-09-06,4.6896,4.834,4.6414,4.7666,569200,0.0,0
2019-09-09,4.7955,4.9495,4.7473,4.9014,735000,0.0,0
2019-09-10,4.9592,5.0844,4.9014,4.9881,1159700,0.0,0
2019-09-11,4.9881,5.1903,4.9207,5.1325,2688200,0.0,0
2019-09-12,5.1325,5.1518,4.9784,5.1036,828300,0.0,0
2019-09-13,5.1518,5.3636,5.1229,5.3444,1688400,0.0,0
2019-09-16,5.3347,5.4021,5.2481,5.3155,1161700,0.0,0
2019-09-17,5.2962,5.3155,5.1903,5.2866,1277500,0.0,0
2019-09-18,5.2769,5.354,5.094,5.2769,1742700,0.0,0
2019-09-19,5.2866,5.3732,5.2577,5.3155,1132900,0.0,0
2019-09-20,5.3058,5.4407,5.2866,5.3636,1753300,0.0,0
2019-09-23,5.2866,5.4214,5.2866,5.4214,1179100,0.0,0
2019-09-24,5.4214,5.4406,5.1518,5.1999,1655800,0.0,0
2019-09-25,5.2095,5.3155,5.1614,5.2866,541800,0.0,0
2019-09-26,5.2577,5.2962,5.1421,5.1903,445400,0.0,0
2019-09-27,5.171,5.1999,5.0458,5.0555,646500,0.0,0
2019-09-30,5.0362,5.0747,4.9303,5.0362,897200,0.0,0
2019-10-01,5.0362,5.0555,4.6799,4.7281,968200,0.0,0
2019-10-02,4.7184,4.7666,4.6125,4.6703,1111500,0.0,0
2019-10-03,4.6799,4.7666,4.6318,4.7184,1132300,0.0,0
2019-10-04,4.6896,4.834,4.6125,4.8147,1698300,0.0,0
2019-10-07,4.7858,4.8629,4.7377,4.757,774600,0.0,0
2019-10-08,4.6607,4.7088,4.5066,4.5547,723900,0.0,0
2019-10-09,4.574,4.6414,4.5066,4.5451,709200,0.0,0
2019-10-10,4.5355,4.5644,4.3814,4.4007,1239000,0.0,0
2019-10-11,4.4873,4.8436,4.4873,4.6799,2945100,0.0,0
2019-10-14,4.6703,4.6703,4.5451,4.651,607200,0.0,0
2019-10-15,4.6799,4.8147,4.5933,4.7281,710500,0.0,0
2019-10-16,4.7184,4.7858,4.6318,4.651,411300,0.0,0
2019-10-17,4.6896,4.7762,4.6703,4.7184,556600,0.0,0
2019-10-18,4.6896,4.7281,4.651,4.7281,491300,0.0,0
2019-10-21,4.7858,4.8821,4.7377,4.7762,722800,0.0,0
2019-10-22,4.8147,4.8147,4.6414,4.757,902600,0.0,0
2019-10-23,4.7281,4.8244,4.6992,4.8051,472300,0.0,0
2019-10-24,4.8051,4.8918,4.6799,4.6992,785900,0.0,0
2019-10-25,4.8629,5.1132,4.6125,5.0844,1351500,0.0,0
2019-10-28,5.2866,5.3155,5.0073,5.1229,1011700,0.0,0
2019-10-29,5.0555,5.1807,5.0458,5.0555,946100,0.0,0
2019-10-30,5.0266,5.0555,4.9303,4.9977,987200,0.0,0
2019-10-31,5.1132,5.1903,4.9014,4.9207,995300,0.0,0
2019-11-01,4.9592,5.094,4.9592,4.9881,1055000,0.0,0
2019-11-04,5.0073,5.0651,4.9495,5.0458,1075200,0.0,0
2019-11-05,5.0749,5.2202,5.0555,5.133,1089900,0.03,0
2019-11-06,5.1717,5.317,5.133,5.2008,663200,0.0,0
2019-11-07,5.2008,5.2589,5.0846,5.1621,943700,0.0,0
2019-11-08,5.1427,5.2299,5.1427,5.1911,1521700,0.0,0
2019-11-11,5.1621,5.2105,5.0458,5.0749,1301900,0.0,0
2019-11-12,5.0749,5.1717,5.0071,5.1136,534600,0.0,0
2019-11-13,5.0652,5.0652,4.9684,4.9684,568400,0.0,0
2019-11-14,4.9684,4.9877,4.8134,4.8231,809900,0.0,0
2019-11-15,4.8328,5.0265,4.7843,4.9393,1366900,0.0,0
2019-11-18,4.9684,5.0071,4.8715,4.9393,497500,0.0,0
2019-11-19,4.9587,5.0943,4.9587,5.0168,550300,0.0,0
2019-11-20,4.978,5.0652,4.9296,4.9877,527400,0.0,0
2019-11-21,4.9974,5.0458,4.7262,4.765,814900,0.0,0
2019-11-22,4.794,4.8328,4.6875,4.765,464100,0.0,0
2019-11-25,4.794,4.9103,4.765,4.8909,1235000,0.0,0
2019-11-26,4.8715,4.8715,4.7747,4.8231,532400,0.0,0
2019-11-27,4.8134,4.8425,4.7359,4.7843,501300,0.0,0
2019-11-29,4.7553,4.7553,4.6681,4.7069,295700,0.0,0
2019-12-02,4.7166,4.7843,4.61,4.6584,433200,0.0,0
2019-12-03,4.6003,4.6584,4.5616,4.6294,454200,0.0,0
2019-12-04,4.6681,4.765,4.581,4.61,664000,0.0,0
2019-12-05,4.6294,4.6391,4.5035,4.5616,427100,0.0,0
2019-12-06,4.6391,4.7166,4.6197,4.6972,878000,0.0,0
2019-12-09,4.6778,4.7456,4.6391,4.6778,662200,0.0,0
2019-12-10,4.6488,4.7166,4.6294,4.6778,848600,0.0,0
2019-12-11,4.6778,4.7262,4.6488,4.6875,477900,0.0,0
2019-12-12,4.6875,4.8715,4.6875,4.8425,693600,0.0,0
2019-12-13,4.8425,4.8715,4.5616,4.581,1462300,0.0,0
2019-12-16,4.5907,4.6197,4.5132,4.5422,1181900,0.0,0
2019-12-17,4.5422,4.6003,4.4163,4.5907,1175200,0.0,0
2019-12-18,4.6197,4.765,4.581,4.6197,867100,0.0,0
2019-12-19,4.6391,4.8328,4.6294,4.7553,762600,0.0,0
2019-12-20,4.765,4.765,4.5519,4.6584,4738500,0.0,0
2019-12-23,4.6584,4.7456,4.6003,4.7456,727600,0.0,0
2019-12-24,4.7456,4.794,4.7262,4.7553,322400,0.0,0
2019-12-26,4.765,4.8231,4.7359,4.794,619700,0.0,0
2019-12-27,4.8231,4.8425,4.6778,4.7166,948000,0.0,0
2019-12-30,4.7262,4.7359,4.6003,4.6294,1081300,0.0,0
2019-12-31,4.6294,4.6972,4.6003,4.6875,1024400,0.0,0
2020-01-02,4.7359,4.7359,4.5229,4.5519,614200,0.0,0
2020-01-03,4.5035,4.5229,4.4066,4.4357,710700,0.0,0
2020-01-06,4.3873,4.4551,4.3001,4.4163,1187200,0.0,0
2020-01-07,4.3776,4.4357,4.2807,4.2904,649900,0.0,0
2020-01-08,4.2904,4.3582,4.242,4.2517,1784300,0.0,0
2020-01-09,4.2904,4.3001,4.1548,4.1548,1974900,0.0,0
2020-01-10,4.1258,4.2129,3.9999,4.0774,2295100,0.0,0
2020-01-13,4.1161,4.1451,4.0289,4.0483,1186300,0.0,0
2020-01-14,4.0483,4.0774,3.9902,4.0483,996900,0.0,0
2020-01-15,4.0192,4.0677,3.9805,3.9999,761900,0.0,0
2020-01-16,4.0483,4.1258,4.0192,4.087,3393800,0.0,0
2020-01-17,4.1355,4.2614,4.0677,4.1936,5701300,0.0,0
2020-01-21,4.1839,4.271,4.087,4.087,1277200,0.0,0
2020-01-22,4.1064,4.1258,3.9418,3.9418,1091400,0.0,0
2020-01-23,3.9224,3.9224,3.7965,3.8062,1480200,0.0,0
2020-01-24,3.7674,3.8643,3.69,3.6996,2454700,0.0,0
2020-01-27,3.6512,3.719,3.5447,3.6996,1535800,0.0,0
2020-01-28,3.719,3.7868,3.7093,3.7093,682300,0.0,0
2020-01-29,3.69,3.8449,3.69,3.8352,2057600,0.0,0
2020-01-30,3.7868,4.0967,3.7481,4.0289,2198500,0.0,0
2020-01-31,4.0677,4.0967,3.8352,4.0774,1897900,0.0,0
2020-02-03,4.0289,4.1355,3.8933,4.0096,2603000,0.0,0
2020-02-04,4.0483,4.2323,4.0289,4.1548,3084700,0.0,0
2020-02-05,4.242,4.3679,4.2323,4.3195,2480900,0.0,0
2020-02-06,4.3485,4.3776,4.2807,4.2807,1215200,0.0,0
2020-02-07,4.2517,4.2517,4.1645,4.1742,544800,0.0,0
2020-02-10,4.1548,4.2614,4.1355,4.2517,829000,0.0,0
2020-02-11,4.2907,4.3492,4.2322,4.3102,834400,0.03,0
2020-02-12,4.554,4.905,4.5052,4.8953,3642800,0.0,0
2020-02-13,4.8855,5.0513,4.8758,5.0221,2448500,0.0,0
2020-02-14,5.0513,5.0806,4.6807,4.6905,1144000,0.0,0
2020-02-18,4.6905,4.71,4.4857,4.632,4061400,0.0,0
2020-02-19,4.671,4.7783,4.5735,4.7588,950000,0.0,0
2020-02-20,4.8075,5.0221,4.788,4.9733,2308200,0.0,0
2020-02-21,4.983,5.0123,4.8758,4.944,2312800,0.0,0
2020-02-24,4.7393,4.8855,4.5832,4.7003,1443500,0.0,0
2020-02-25,4.7003,4.8173,4.476,4.476,1063800,0.0,0
2020-02-26,4.5247,4.5247,4.3199,4.3394,1868800,0.0,0
2020-02-27,4.2322,4.2517,3.7348,4.0664,3543900,0.0,0
2020-02-28,3.8324,3.9689,3.7446,3.9591,2705600,0.0,0
2020-03-02,3.9786,4.1249,3.7543,4.0762,3157800,0.0,0
2020-03-03,4.0469,4.2614,3.9299,3.9591,1445200,0.0,0
2020-03-04,4.0371,4.1054,3.8811,4.0664,2037200,0.0,0
2020-03-05,3.8519,3.9494,3.7543,3.8519,1797900,0.0,0
2020-03-06,3.7056,3.9494,3.6666,3.6958,1995900,0.0,0
2020-03-09,3.4618,3.6081,3.1595,3.1888,1349800,0.0,0
2020-03-10,3.3643,3.3838,3.0912,3.2668,1511300,0.0,0
2020-03-11,3.1302,3.1985,2.7499,2.7987,1480300,0.0,0
2020-03-12,2.5159,2.7207,2.1941,2.4671,4060000,0.0,0
2020-03-13,2.6329,3.3253,2.4379,3.2473,2293500,0.0,0
2020-03-16,2.6914,2.6914,2.3794,2.3989,3625700,0.0,0
2020-03-17,2.4184,2.5452,2.1453,2.3599,3570800,0.0,0
2020-03-18,2.2331,2.3111,1.9601,1.9893,2927300,0.0,0
2020-03-19,1.9698,2.6037,1.8235,2.3501,2815800,0.0,0
2020-03-20,2.3891,2.8865,2.2721,2.4281,4383200,0.0,0
2020-03-23,2.4866,2.4866,2.1648,2.3209,4157100,0.0,0
2020-03-24,2.4476,2.5842,2.3209,2.4671,1245800,0.0,0
2020-03-25,2.4769,2.6719,2.3794,2.4379,1164600,0.0,0
2020-03-26,2.4671,2.5939,2.3794,2.5452,4331200,0.0,0
2020-03-27,2.4379,2.5744,2.3501,2.4379,2234200,0.0,0
2020-03-30,2.4671,2.4964,2.2526,2.3794,1755700,0.0,0
2020-03-31,2.3891,2.4476,2.1356,2.2721,3032700,0.0,0
2020-04-01,2.2136,2.2819,2.1356,2.2136,2235900,0.0,0
2020-04-02,2.2429,2.3306,2.1258,2.2624,1556900,0.0,0
2020-04-03,2.1746,2.3209,2.0966,2.2136,1350900,0.0,0
2020-04-06,2.3209,2.3989,2.1161,2.2526,1630800,0.0,0
2020-04-07,2.3306,2.6037,2.2624,2.5452,1785100,0.0,0
2020-04-08,2.5842,2.7207,2.5159,2.6719,733300,0.0,0
2020-04-09,2.8084,2.9157,2.6524,2.7304,1460300,0.0,0
2020-04-13,2.7109,2.828,2.5549,2.5647,963500,0.0,0
2020-04-14,2.6914,2.8475,2.5744,2.6329,3596700,0.0,0
2020-04-15,2.5452,2.6427,2.4964,2.5452,1414900,0.0,0
2020-04-16,2.5354,2.5354,2.2721,2.4379,1102600,0.0,0
2020-04-17,2.5452,2.7402,2.5354,2.7109,815200,0.0,0
2020-04-20,2.6037,2.7109,2.5452,2.7012,853100,0.0,0
2020-04-21,2.6427,2.7694,2.6232,2.7402,1162300,0.0,0
2020-04-22,2.7987,2.8182,2.6914,2.7889,786200,0.0,0
2020-04-23,2.828,2.8377,2.7402,2.8084,818300,0.0,0
2020-04-24,2.8084,2.8572,2.7499,2.8572,646700,0.0,0
2020-04-27,2.8865,3.0035,2.8475,2.984,1132800,0.0,0
2020-04-28,3.0522,3.14,2.8377,2.867,890300,0.0,0
2020-04-29,3.0035,3.2083,2.9547,3.14,767400,0.0,0
2020-04-30,3.062,3.3935,2.9937,3.1595,1828100,0.0,0
2020-05-01,3.5496,3.5593,2.828,2.9742,1167900,0.0,0
2020-05-04,2.8865,3.023,2.7987,2.9352,507500,0.0,0
2020-05-05,3.0132,3.179,2.8182,2.8377,793100,0.0,0
2020-05-06,2.8475,2.9255,2.7207,2.8377,597900,0.0,0
2020-05-07,2.867,2.9547,2.8475,2.906,626500,0.0,0
2020-05-08,3.0035,3.0327,2.9352,3.0035,522300,0.0,0
2020-05-11,2.945,2.9547,2.828,2.906,522400,0.0,0
2020-05-12,2.906,2.9257,2.7484,2.7484,812500,0.03,0
2020-05-13,2.7089,2.7779,2.5612,2.5907,527100,0.0,0
2020-05-14,2.5119,2.6203,2.443,2.6006,558900,0.0,0
2020-05-15,2.6104,2.6301,2.5513,2.5612,438600,0.0,0
2020-05-18,2.7089,2.8567,2.6991,2.8272,1343000,0.0,0
2020-05-19,2.8272,2.8961,2.7287,2.7681,668700,0.0,0
2020-05-20,2.8075,2.8666,2.7779,2.7976,818400,0.0,0
2020-05-21,2.7976,2.8469,2.7484,2.8075,427600,0.0,0
2020-05-22,2.837,2.8863,2.6695,2.7385,261600,0.0,0
2020-05-26,2.8666,2.9355,2.7976,2.8075,725900,0.0,0
2020-05-27,2.9158,3.0734,2.7976,3.0143,2215500,0.0,0
2020-05-28,3.0636,3.0636,2.8272,2.837,1215500,0.0,0
2020-05-29,2.8272,2.9848,2.7582,2.9454,1029100,0.0,0
2020-06-01,2.9454,3.1818,2.9355,3.0537,1536500,0.0,0
2020-06-02,3.1128,3.4281,3.1128,3.3492,1984900,0.0,0
2020-06-03,3.4379,3.763,3.3985,3.4675,1987900,0.0,0
2020-06-04,3.4478,3.5463,3.3788,3.4872,804900,0.0,0
2020-06-05,3.7236,3.7827,3.5758,3.6054,976100,0.0,0
2020-06-08,3.694,3.7925,3.6842,3.7137,625300,0.0,0
2020-06-09,3.6349,3.694,3.5561,3.6448,478800,0.0,0
2020-06-10,3.6448,3.9501,3.6251,3.694,8767600,0.0,0
2020-06-11,3.497,3.566,3.0439,3.0537,1469700,0.0,0
2020-06-12,3.2113,3.4379,3.1621,3.3788,1434800,0.0,0
2020-06-15,3.2113,3.4576,3.2113,3.4379,785000,0.0,0
2020-06-16,3.6448,3.7137,3.5167,3.6743,1189200,0.0,0
2020-06-17,3.6645,3.6743,3.5069,3.566,948000,0.0,0
2020-06-18,3.5364,3.6251,3.4675,3.6152,1344200,0.0,0
2020-06-19,3.6645,3.7137,3.497,3.5561,1643300,0.0,0
2020-06-22,3.5069,3.5561,3.2803,3.3295,828800,0.0,0
2020-06-23,3.3886,3.5266,3.3492,3.3886,769300,0.0,0
2020-06-24,3.3295,3.3394,3.2015,3.2409,951600,0.0,0
2020-06-25,3.2113,3.3394,3.2113,3.3295,563200,0.0,0
2020-06-26,3.2803,3.3197,3.0833,3.1424,3700500,0.0,0
2020-06-29,3.2015,3.3886,3.1916,3.3394,916300,0.0,0
2020-06-30,3.3197,3.4576,3.3197,3.4182,584700,0.0,0
2020-07-01,3.4182,3.4675,3.3492,3.3886,708400,0.0,0
2020-07-02,3.5364,3.6251,3.3689,3.3788,704900,0.0,0
2020-07-06,3.4872,3.8516,3.4478,3.7827,1733600,0.0,0
2020-07-07,3.7433,3.763,3.6546,3.6842,1087900,0.0,0
2020-07-08,3.694,3.7728,3.566,3.5955,751500,0.0,0
2020-07-09,3.566,3.566,3.3197,3.3492,697100,0.0,0
2020-07-10,3.3098,3.4576,3.3098,3.4281,567000,0.0,0
2020-07-13,3.4576,3.4576,3.3295,3.3689,717100,0.0,0
2020-07-14,3.3985,3.3985,3.2409,3.3098,1248400,0.0,0
2020-07-15,3.4379,3.7137,3.3886,3.6842,1228500,0.0,0
2020-07-16,3.6349,3.7137,3.5364,3.6743,539800,0.0,0
2020-07-17,3.6448,3.7531,3.6152,3.6546,651200,0.0,0
2020-07-20,3.6448,3.6448,3.5069,3.5069,387300,0.0,0
2020-07-21,3.5758,3.5955,3.5069,3.5463,607600,0.0,0
2020-07-22,3.5167,3.7925,3.5069,3.6546,842400,0.0,0
2020-07-23,3.6251,3.6645,3.5167,3.6152,793200,0.0,0
2020-07-24,3.6251,3.6251,3.5167,3.5364,698700,0.0,0
2020-07-27,3.5167,3.5758,3.4478,3.5463,355300,0.0,0
2020-07-28,3.497,3.5266,3.4281,3.4281,487100,0.0,0
2020-07-29,3.4478,3.5364,3.4084,3.5069,539300,0.0,0
2020-07-30,3.4281,3.566,3.4084,3.497,805000,0.0,0
2020-07-31,3.4478,3.5857,3.4084,3.5463,1233500,0.0,0
2020-08-03,3.5463,3.5857,3.3295,3.4182,818100,0.0,0
2020-08-04,3.4379,3.5069,3.2803,3.4379,1327400,0.0,0
2020-08-05,3.4675,3.694,3.4281,3.6842,640300,0.0,0
2020-08-06,3.6448,3.7827,3.6448,3.763,581600,0.0,0
2020-08-07,3.7334,4.2654,3.7334,4.226,1928300,0.0,0
2020-08-10,4.2358,4.2752,4.1373,4.2063,1283000,0.0,0
2020-08-11,4.2459,4.4642,4.1567,4.2063,2375300,0.03,0
2020-08-12,4.2559,4.3154,4.0277,4.0674,709900,0.0,0
2020-08-13,4.0277,4.1269,3.9384,3.9582,769600,0.0,0
2020-08-14,3.9285,3.9682,3.8491,3.8888,346600,0.0,0
2020-08-17,3.8888,3.8888,3.74,3.7698,425900,0.0,0
2020-08-18,3.7598,3.8987,3.6606,3.8392,531000,0.0,0
2020-08-19,3.8491,3.869,3.7896,3.8392,513400,0.0,0
2020-08-20,3.7995,3.8392,3.7301,3.7499,468900,0.0,0
2020-08-21,3.7499,3.7698,3.6507,3.7102,598900,0.0,0
2020-08-24,3.7301,3.8789,3.7202,3.8392,422700,0.0,0
2020-08-25,3.8789,3.8789,3.74,3.8194,451700,0.0,0
2020-08-26,3.8293,3.8392,3.6904,3.7499,538800,0.0,0
2020-08-27,3.7797,3.8987,3.7202,3.7301,556500,0.0,0
2020-08-28,3.7797,3.859,3.6904,3.8392,857600,0.0,0
2020-08-31,3.8293,3.8293,3.6606,3.7102,748800,0.0,0
2020-09-01,3.6805,3.74,3.6507,3.7301,413200,0.0,0
2020-09-02,3.7598,3.7797,3.6606,3.74,549200,0.0,0
2020-09-03,3.7499,3.7797,3.611,3.6408,587600,0.0,0
2020-09-04,3.7499,3.7698,3.5912,3.611,463800,0.0,0
2020-09-08,3.7003,3.7003,3.4721,3.5515,976300,0.0,0
2020-09-09,3.6011,3.6011,3.3729,3.5019,2322600,0.0,0
2020-09-10,3.5118,3.5515,3.3333,3.3432,994200,0.0,0
2020-09-11,3.3531,3.4126,3.2341,3.244,1355500,0.0,0
2020-09-14,3.3134,3.3233,3.1944,3.2341,2297000,0.0,0
2020-09-15,3.2638,3.2638,3.1249,3.1745,2060300,0.0,0
2020-09-16,3.1845,3.4225,3.1646,3.3531,1056100,0.0,0
2020-09-17,3.2837,3.3729,3.2539,3.3531,705200,0.0,0
2020-09-18,3.4027,3.4225,3.2936,3.4027,3871900,0.0,0
2020-09-21,3.3134,3.363,3.115,3.2241,824800,0.0,0
2020-09-22,3.2341,3.2638,3.1448,3.1646,697100,0.0,0
2020-09-23,3.1646,3.1944,3.0456,3.0654,959200,0.0,0
2020-09-24,3.0853,3.1944,3.0555,3.0952,504900,0.0,0
2020-09-25,3.0555,3.1249,3.0356,3.115,764500,0.0,0
2020-09-28,3.1745,3.363,3.1646,3.2142,712000,0.0,0
2020-09-29,3.1944,3.2539,3.1745,3.2142,594000,0.0,0
2020-09-30,3.2539,3.3035,3.1547,3.1745,814300,0.0,0
2020-10-01,3.1547,3.2341,3.1547,3.2241,529400,0.0,0
2020-10-02,3.1547,3.363,3.1249,3.2837,2182600,0.0,0
2020-10-05,3.3035,3.5118,3.3035,3.4325,635900,0.0,0
2020-10-06,3.4721,3.7202,3.3928,3.6309,1401600,0.0,0
2020-10-07,3.7003,3.7698,3.5813,3.7102,1120300,0.0,0
2020-10-08,3.7797,3.988,3.6904,3.9582,1101400,0.0,0
2020-10-09,3.7995,3.9483,3.7995,3.9384,630600,0.0,0
2020-10-12,3.9384,4.0575,3.8491,3.9682,829000,0.0,0
2020-10-13,3.9582,4.0079,3.8293,3.9384,609000,0.0,0
2020-10-14,3.9582,4.0079,3.7797,3.7797,567500,0.0,0
2020-10-15,3.7202,3.988,3.7202,3.988,672200,0.0,0
2020-10-16,3.9682,4.1567,3.9186,4.1269,1084200,0.0,0
2020-10-19,4.1467,4.1963,3.9186,3.9285,847000,0.0,0
2020-10-20,3.9781,4.0277,3.8789,3.9086,391900,0.0,0
2020-10-21,3.9086,3.9086,3.7102,3.7202,531900,0.0,0
2020-10-22,3.7301,3.9186,3.7003,3.869,587300,0.0,0
2020-10-23,3.9086,3.9582,3.859,3.9285,268000,0.0,0
2020-10-26,3.859,3.9384,3.7003,3.8094,399000,0.0,0
2020-10-27,3.7797,3.8094,3.6606,3.6706,595800,0.0,0
2020-10-28,3.5714,3.5813,3.4325,3.492,927800,0.0,0
2020-10-29,3.4821,3.5714,3.3829,3.5614,490600,0.0,0
2020-10-30,3.6011,3.6706,3.3829,3.611,927600,0.0,0
2020-11-02,3.6805,3.6904,3.5218,3.6606,666500,0.0,0
2020-11-03,3.7499,3.8293,3.6805,3.7995,723500,0.0,0
2020-11-04,3.7003,3.8789,3.7003,3.74,652200,0.0,0
2020-11-05,3.7301,3.8987,3.611,3.8293,379200,0.0,0
2020-11-06,3.8194,3.8293,3.7202,3.74,292700,0.0,0
2020-11-09,4.0,4.4,3.98,4.07,1071700,0.03,0
2020-11-10,4.13,4.24,3.99,4.02,1337700,0.0,0
2020-11-11,4.07,4.08,3.77,3.78,671900,0.0,0
2020-11-12,3.8,3.8,3.6,3.68,819400,0.0,0
2020-11-13,3.74,3.94,3.73,3.9,381900,0.0,0
